pid,item,human1_score,human2_score,classifier_score
566feba6b937e400052d33b2,agenda,6.0,3.0,5.0
56f699e876348f000c883bba,agenda,2.0,,4.0
577a3dfd92c50c0001c9488f,agenda,2.0,3.0,4.0
57b4a771cda70d0001534835,agenda,4.0,3.0,3.0
57c357770e6a1f00015f6038,agenda,4.0,6.0,4.0
57dd3b0e91b7fc0001493db9,agenda,6.0,6.0,5.0
58d43fb77c08be0001c24830,agenda,4.0,5.0,5.0
595d3afcdd044900012ce78a,agenda,6.0,6.0,5.0
5962a5b29955ee00015bce98,agenda,2.0,5.0,5.0
598f22af33481c000164d359,agenda,0.0,4.0,4.0
599442e6bf8bcf0001ab6857,agenda,5.0,5.0,5.0
5997043dbbe84800017964a7,agenda,4.0,6.0,4.0
599ab130b5566b0001aa85bb,agenda,4.0,2.0,5.0
599acb2f6c165e000113fc70,agenda,4.0,6.0,5.0
59baa4f5178f1b00018289b2,agenda,2.0,3.0,4.0
59d1f0fffaf42e00012b6c20,agenda,2.0,5.0,5.0
59d3b07947f4e80001a6c551,agenda,2.0,5.0,4.0
59dccd61e75b450001a689b7,agenda,6.0,6.0,5.0
59e7232f24d7bf00012f112e,agenda,3.0,2.0,3.0
59ef022eae9f950001d84a43,agenda,6.0,5.0,5.0
5a57e4f7acc75b00017a2dcd,agenda,2.0,2.0,4.0
5a75b131eea3d300016ddc70,agenda,2.0,5.0,4.0
5a9c41f2dbdb470001eeef9c,agenda,4.0,0.0,4.0
5a9c4b3d35237b000112a00e,agenda,5.0,5.0,5.0
5aafd9eff69e940001d88bf4,agenda,0.0,0.0,2.0
5b2bcfb51835660001cc6751,agenda,3.0,3.0,4.0
5b2bd649ed66460001e86e39,agenda,6.0,4.0,5.0
5b4a3ab1bc06c90001f902f4,agenda,1.0,6.0,4.0
5bf53b3c87780800014ed5aa,agenda,0.0,2.0,5.0
5c197c9c020cbb00011201fe,agenda,2.0,4.0,5.0
5c37a0e7bef9a20001e3a497,agenda,6.0,2.0,5.0
5c407a2c41b3f9000195e19f,agenda,6.0,6.0,5.0
5c4602713d08e80001369876,agenda,2.0,4.0,5.0
5c4a061161db8c00015e4fb0,agenda,6.0,3.0,5.0
5c59e12429f64c0001cc6436,agenda,2.0,1.0,3.0
5c5b66cb3312f1000112f694,agenda,6.0,5.0,5.0
5c5d36bc034e280001644c3b,agenda,0.0,2.0,3.0
5c5ff87f8c0552000109d7de,agenda,0.0,2.0,4.0
5c72f9bf8711bf000139c5ee,agenda,0.0,0.0,2.0
5cad1eef8ed53d00180d2532,agenda,0.0,3.0,2.0
5cb87813635b940017c2037a,agenda,6.0,2.0,5.0
5cc99062d918560016acf6ac,agenda,3.0,2.0,4.0
5ce15b0ea7b516001828c646,agenda,0.0,,4.0
5cedaba627d8ce00018469bb,agenda,3.0,,2.0
5d02a158c8a372001abf3b30,agenda,0.0,6.0,5.0
5d038adefda4bb00013f8afb,agenda,4.0,6.0,5.0
5d0a5d36d41b4b00172c3cc9,agenda,3.0,4.0,4.0
5d20c6d5b1e50a001c19e622,agenda,0.0,0.0,3.0
5d3bfbebfd9694001a2d0f99,agenda,4.0,2.0,5.0
5d6d729b679b200019c12498,agenda,5.0,6.0,5.0
5db7203e98ecdf000ae8d504,agenda,1.0,1.0,3.0
5dcfaad2dd9a740c2493fc28,agenda,2.0,6.0,5.0
5e234e6d06121f5eceaba7f1,agenda,6.0,2.0,5.0
5e4feb8037713502e9ed364b,agenda,2.0,4.0,5.0
5e7d1c1e70dd753a081a29d9,agenda,5.0,5.0,5.0
5e7e1679f8a96f4be83e51e4,agenda,5.0,6.0,5.0
5e9086ca917d9039e3c4cd25,agenda,6.0,6.0,5.0
5ecd61476e04500905a6eed2,agenda,6.0,6.0,5.0
5f04dc9fb117c31680c1a4f5,agenda,0.0,0.0,4.0
5f05ef4bd552bc0009e5566c,agenda,3.0,2.0,5.0
5f0c86cbe4af1361b7158f3e,agenda,4.0,6.0,5.0
5f11eb333c6e2c0df5b92270,agenda,0.0,0.0,5.0
5f1beeacb55680420cfcae9e,agenda,0.0,0.0,4.0
5f2f280854c3203084e218e5,agenda,6.0,3.0,5.0
5f35222b79aaa5065c8919bd,agenda,0.0,2.0,4.0
5f4fbebb8bb76c0c01881651,agenda,3.0,4.0,4.0
5f514593ea1e87365b9cb05f,agenda,0.0,1.0,3.0
5f653cb18aad310a9ee7c32d,agenda,3.0,0.0,3.0
5f70576bb22a006197aea6de,agenda,6.0,6.0,5.0
5fb8dc3c8e8e964121c6aa4c,agenda,3.0,2.0,4.0
5fd4d10b2f970406fe63ad96,agenda,5.0,5.0,5.0
5fef2fa9efea401f0b55a7c2,agenda,0.0,0.0,4.0
6002ae1ea178912bfa128adf,agenda,5.0,4.0,5.0
600c125c46cf802e41733705,agenda,2.0,0.0,4.0
604a4755d62e5590404b5426,agenda,1.0,4.0,4.0
604fa685e33606f9a0ee8189,agenda,6.0,6.0,5.0
60537fdcda0ac05f1c59c57f,agenda,0.0,4.0,5.0
605731872f40ec675cdf1f0b,agenda,3.0,6.0,5.0
605a25c743f7ab91b0881ddf,agenda,4.0,3.0,5.0
609510855d0c8e5bd0bdaf98,agenda,5.0,6.0,5.0
609eda349f5d29975fbc2145,agenda,5.0,5.0,5.0
60ae777b1f2abe681e903d0d,agenda,2.0,2.0,4.0
60d3867b6e7529fc77032b54,agenda,2.0,,1.0
60fae066c4ab91522a85f075,agenda,2.0,0.0,4.0
6100105892a2248ae5d48498,agenda,4.0,2.0,4.0
6107b81f125c20be9e368b49,agenda,6.0,6.0,5.0
61166b2cec63d8ea49e36aac,agenda,6.0,6.0,5.0
61333ed3b980f519ee86c45c,agenda,0.0,0.0,4.0
61572b39d8a0be3869ccd5ae,agenda,4.0,6.0,5.0
616c83fb9916289f401fb837,agenda,3.0,4.0,5.0
6234905bd877b34677aaa521,agenda,0.0,0.0,2.0
62a76cb3209f192d4ac62bec,agenda,6.0,3.0,5.0
62ac24c9af89f1f28aea1d11,agenda,6.0,6.0,5.0
62c5ebe612c40c7e32390bf6,agenda,2.0,3.0,4.0
62e3f7b224ec70641fd86b7b,agenda,6.0,4.0,5.0
62fbd2e4a303a0c6ff0874b1,agenda,2.0,2.0,5.0
63469da3cef76cc5b3523b97,agenda,6.0,5.0,5.0
6346e117e4e283094ff51b84,agenda,1.0,2.0,4.0
638e2eed82fa613f2140ba13,agenda,4.0,,5.0
6394a8f1f510b07aeaf465e0,agenda,0.0,2.0,4.0
6399d599c9d83e0ed0317ea2,agenda,1.0,0.0,4.0
63e57ca5d6e126546cfc66bf,agenda,5.0,4.0,5.0
63f85b1c3124fd03faff2126,agenda,5.0,,4.0
640485331e13a7bfa4a43d46,agenda,2.0,3.0,5.0
6441204e8a1c0c51415ce0f8,agenda,5.0,2.0,4.0
6441795624090301ddeba81e,agenda,0.0,0.0,2.0
6447cf4c43802edcd6b846bc,agenda,6.0,6.0,5.0
64784f5998230a548cb9cc60,agenda,6.0,6.0,5.0
648028bc524faa07ef0547eb,agenda,3.0,3.0,4.0
6501b7fd7c5faeb580b81204,agenda,2.0,6.0,5.0
65030c046782881e902a5aaa,agenda,4.0,6.0,5.0
650ae1b2157df341fd193714,agenda,6.0,6.0,5.0
65456ebc819cdd5600552571,agenda,4.0,4.0,5.0
6559e8fcb4e07db3db4e2165,agenda,2.0,2.0,3.0
656f3c80f7ac5f41e230b9ee,agenda,4.0,6.0,5.0
6570824312e21ad0a49858f4,agenda,0.0,,2.0
657b2d22191dda04598ef38b,agenda,4.0,6.0,5.0
65ff48ba8866040c0d0649c5,agenda,0.0,0.0,2.0
66084cde8c8b94db6ce51ac9,agenda,3.0,6.0,5.0
660ed790b7c0b8649c41f432,agenda,6.0,5.0,5.0
6630f6bfbdc7906ef7c0ee24,agenda,2.0,0.0,4.0
66338f4346e84e4f0469bc21,agenda,3.0,3.0,4.0
663a28078139647b4663d09f,agenda,3.0,4.0,4.0
664b530d4cf8b88b68548a11,agenda,2.0,,2.0
6658b161dc9f95822cbcf443,agenda,6.0,,6.0
6658b52898569e477b21cf41,agenda,4.0,6.0,5.0
6658c369bc36ded0ffe472b8,agenda,2.0,2.0,4.0
6658c6e6298aedbc9b7ac19c,agenda,6.0,,6.0
6658d13e8f1ee667f426421c,agenda,6.0,4.0,5.0
6658d9826d4ec610f1b0cc33,agenda,6.0,6.0,5.0
6659b0c46a1675f2d40e2586,agenda,5.0,6.0,5.0
6659f89651bdadba584e647c,agenda,6.0,6.0,5.0
665bae8786e39a9d3071ef7c,agenda,1.0,0.0,4.0
665e0faa748512c88de27385,agenda,5.0,3.0,5.0
665fa30eccda55b454554d95,agenda,6.0,6.0,5.0
6671adcf4074ec7382ad560e,agenda,4.0,,4.0
6676e7538c7c4c68e18aa31a,agenda,6.0,6.0,5.0
66774233add67a4a8e71398e,agenda,1.0,4.0,5.0
6679886309dd90c237d80e5d,agenda,5.0,3.0,5.0
667ac4dcd237965bb30cb0d0,agenda,6.0,6.0,5.0
6682935831ecbb91041102e5,agenda,5.0,5.0,5.0
6683b0f95482b81b9714b57c,agenda,6.0,,5.0
66847cc7c67232fae11af5b3,agenda,3.0,2.0,4.0
668c39cf43ce2932522f9d37,agenda,6.0,6.0,5.0
668d371bd614f22c3433ea48,agenda,3.0,2.0,4.0
668fa82eb6aad7177cb29ba0,agenda,6.0,6.0,5.0
669038b13e852687aaf4a1cb,agenda,1.0,2.0,4.0
66912ce354d84162615be8ba,agenda,4.0,2.0,4.0
66924f3f720e8dcc562ef6fd,agenda,3.0,2.0,4.0
66958ca9d7179281d46faf5d,agenda,3.0,,3.0
6697864e364c6864275e4a17,agenda,6.0,5.0,5.0
669d7d04ec742963733a5b35,agenda,2.0,1.0,2.0
66a15c42533255e95d1d34a1,agenda,5.0,6.0,5.0
66a63fbb0a4f33f35327ed8b,agenda,0.0,2.0,4.0
66aa8dcfbc121dcef0433ecf,agenda,2.0,2.0,5.0
66b0829f976a969235a5ca75,agenda,6.0,,5.0
66ba62aba868595bbef88f10,agenda,3.0,6.0,4.0
66c5e698d9527f93c31cab42,agenda,5.0,4.0,5.0
66c746f450506abe4d80b5e1,agenda,0.0,0.0,4.0
66cf306107ad4fcf4bef6f2f,agenda,2.0,,5.0
66d05ce2ebc84bef33af3a06,agenda,2.0,2.0,5.0
66d9a01e46a5112c3146c2bd,agenda,5.0,6.0,5.0
66df649422e557253882cee8,agenda,6.0,6.0,5.0
66edea9d406f629b67ce30b8,agenda,0.0,0.0,2.0
66f1aeb024eaa71730ee0d8f,agenda,4.0,5.0,5.0
66fd3f6c93c24ecc119be354,agenda,6.0,6.0,5.0
670939463679b3968927066e,agenda,0.0,2.0,4.0
6709725953883fa2a8fe6957,agenda,5.0,5.0,5.0
670ffdb6896bad5ab5d6f894,agenda,6.0,5.0,5.0
6713edf459846149d7bcc948,agenda,0.0,0.0,4.0
6715013670bed7e4e955f109,agenda,0.0,0.0,2.0
67150a8c59846149d7bd00f2,agenda,0.0,0.0,4.0
671566748ec974a47ace455b,agenda,0.0,1.0,2.0
6718f7d06399295fc47821c0,agenda,3.0,2.0,4.0
671a5b8dfc53e73310491a62,agenda,2.0,2.0,5.0
67202234fd2f16cdb9c34721,agenda,1.0,3.0,4.0
67236d7fadd6365361bd7cc0,agenda,2.0,0.0,4.0
6727964977929019f6ff8a5d,agenda,2.0,,5.0
672b2e8321750551265ac390,agenda,6.0,3.0,5.0
672b8d3c37b9296c39c3f677,agenda,5.0,6.0,5.0
672c33aafed3be2f2a6ccfa0,agenda,5.0,6.0,5.0
672d027eb57569b5077e0cc4,agenda,6.0,4.0,5.0
672d2977ae54935ef84a2b74,agenda,0.0,4.0,5.0
672f38145bf80a772f4ac20a,agenda,6.0,2.0,5.0
67320610635afc65498583cb,agenda,6.0,6.0,5.0
6734acb87201d0735d63632c,agenda,0.0,1.0,4.0
6737d9fe76856492fd1603ef,agenda,3.0,6.0,5.0
6738a38d5b42ebdad45239a4,agenda,5.0,4.0,5.0
6738dae02c5a63be153fbe29,agenda,2.0,,5.0
673b5c1281eb82f767f4d71c,agenda,0.0,0.0,4.0
673bab950ce7fb673ff7eecc,agenda,3.0,2.0,4.0
673e1fe5947080d86c749aff,agenda,3.0,0.0,4.0
6740fd7385a9299cf29bdf96,agenda,6.0,6.0,5.0
6742f8bfd1cce3eadeee8c62,agenda,2.0,2.0,3.0
6744d50e3bd8711b57216cd2,agenda,5.0,5.0,5.0
67465c29233ddf0c2040ced8,agenda,6.0,6.0,5.0
6747536d88cb6d53b9bed191,agenda,0.0,3.0,4.0
6751467d0ef4bb17c804e4c0,agenda,2.0,2.0,4.0
675590f1eeef66188a85e1cd,agenda,0.0,0.0,4.0
67580f69a9a3cb759240904b,agenda,4.0,2.0,4.0
67591767ad41717a9710c4b8,agenda,4.0,4.0,4.0
6759718f66f6d338a0663100,agenda,1.0,0.0,4.0
675af02593fabc7398d6447e,agenda,2.0,,4.0
675e06422af6e9cb4bcbd459,agenda,1.0,2.0,3.0
675e8e92f5b7ffad57a265b1,agenda,0.0,0.0,2.0
67605cad2b91076c10846479,agenda,2.0,3.0,5.0
676060fef2955d6112c7e224,agenda,0.0,0.0,4.0
67609dc51817400f95f9db14,agenda,6.0,6.0,5.0
6760c6a23c7512b7ca3383d0,agenda,4.0,4.0,5.0
676288b65215f42b28a98b3f,agenda,3.0,3.0,4.0
67644c9e4a8508ec299135c5,agenda,6.0,6.0,5.0
67657ea1ad7558bf427f3a22,agenda,0.0,4.0,4.0
67687d94d5edc29f07de0176,agenda,2.0,,4.0
676d0d8ea1b34584f966c1f6,agenda,3.0,3.0,5.0
676d3ef7769d39d4537e67d4,agenda,5.0,6.0,5.0
676ee670250de1d8b3e57b03,agenda,3.0,,3.0
676fb072a0f80a990bd4cd32,agenda,2.0,2.0,5.0
67717e578f7fc3b6ff3c6ae8,agenda,6.0,6.0,5.0
677299ebbff623812504a11d,agenda,6.0,6.0,5.0
6772b66d08f724d93d1aab73,agenda,0.0,3.0,4.0
6772e1e5965ccca40d8cfba9,agenda,5.0,4.0,5.0
6773e8418b4496160ace9137,agenda,1.0,2.0,4.0
6775b6f1acaab15bb77f71af,agenda,5.0,6.0,5.0
677692c13cfeae70079e3caa,agenda,6.0,6.0,5.0
6777bc5eec85e7e2afa09d77,agenda,5.0,1.0,5.0
6777f8aafc72369e96bb6da6,agenda,2.0,2.0,4.0
6779cadff8dc4ddeecc54ce2,agenda,0.0,2.0,3.0
677a5d8e2115bfbb2fa0c73c,agenda,6.0,6.0,5.0
677be7f32b827fb2ae1eb7f0,agenda,2.0,2.0,4.0
677e74c8dd1dce11a8f96f88,agenda,3.0,6.0,5.0
678019571a2ac0496e597be5,agenda,5.0,2.0,4.0
6783379eb9fef4654886ead1,agenda,3.0,4.0,3.0
6788228f3fcc7c8b75b77522,agenda,3.0,6.0,5.0
67a688221058a62a9fa76a82,agenda,1.0,2.0,3.0
566feba6b937e400052d33b2,feedback,4.0,3.0,5.0
56f699e876348f000c883bba,feedback,2.0,,3.0
577a3dfd92c50c0001c9488f,feedback,5.0,4.0,3.0
57b4a771cda70d0001534835,feedback,2.0,3.0,2.0
57c357770e6a1f00015f6038,feedback,3.0,6.0,3.0
57dd3b0e91b7fc0001493db9,feedback,6.0,6.0,5.0
58d43fb77c08be0001c24830,feedback,4.0,6.0,5.0
595d3afcdd044900012ce78a,feedback,2.0,5.0,5.0
5962a5b29955ee00015bce98,feedback,4.0,0.0,4.0
598f22af33481c000164d359,feedback,6.0,5.0,4.0
599442e6bf8bcf0001ab6857,feedback,4.0,2.0,5.0
5997043dbbe84800017964a7,feedback,4.0,4.0,3.0
599ab130b5566b0001aa85bb,feedback,2.0,0.0,4.0
599acb2f6c165e000113fc70,feedback,4.0,6.0,5.0
59baa4f5178f1b00018289b2,feedback,1.0,4.0,4.0
59d1f0fffaf42e00012b6c20,feedback,2.0,6.0,5.0
59d3b07947f4e80001a6c551,feedback,2.0,5.0,4.0
59dccd61e75b450001a689b7,feedback,5.0,5.0,5.0
59e7232f24d7bf00012f112e,feedback,3.0,1.0,2.0
59ef022eae9f950001d84a43,feedback,6.0,3.0,5.0
5a57e4f7acc75b00017a2dcd,feedback,1.0,2.0,4.0
5a75b131eea3d300016ddc70,feedback,2.0,5.0,3.0
5a9c41f2dbdb470001eeef9c,feedback,6.0,4.0,4.0
5a9c4b3d35237b000112a00e,feedback,4.0,3.0,5.0
5aafd9eff69e940001d88bf4,feedback,2.0,0.0,2.0
5b2bcfb51835660001cc6751,feedback,2.0,4.0,4.0
5b2bd649ed66460001e86e39,feedback,5.0,4.0,5.0
5b4a3ab1bc06c90001f902f4,feedback,2.0,5.0,3.0
5bf53b3c87780800014ed5aa,feedback,2.0,3.0,4.0
5c197c9c020cbb00011201fe,feedback,2.0,4.0,5.0
5c37a0e7bef9a20001e3a497,feedback,6.0,2.0,5.0
5c407a2c41b3f9000195e19f,feedback,5.0,4.0,5.0
5c4602713d08e80001369876,feedback,4.0,4.0,5.0
5c4a061161db8c00015e4fb0,feedback,5.0,3.0,5.0
5c59e12429f64c0001cc6436,feedback,2.0,2.0,2.0
5c5b66cb3312f1000112f694,feedback,5.0,4.0,5.0
5c5d36bc034e280001644c3b,feedback,1.0,2.0,3.0
5c5ff87f8c0552000109d7de,feedback,2.0,4.0,3.0
5c72f9bf8711bf000139c5ee,feedback,2.0,3.0,2.0
5cad1eef8ed53d00180d2532,feedback,1.0,2.0,2.0
5cb87813635b940017c2037a,feedback,6.0,2.0,5.0
5cc99062d918560016acf6ac,feedback,4.0,0.0,3.0
5ce15b0ea7b516001828c646,feedback,3.0,,4.0
5cedaba627d8ce00018469bb,feedback,2.0,,3.0
5d02a158c8a372001abf3b30,feedback,2.0,5.0,5.0
5d038adefda4bb00013f8afb,feedback,4.0,5.0,5.0
5d0a5d36d41b4b00172c3cc9,feedback,5.0,2.0,4.0
5d20c6d5b1e50a001c19e622,feedback,1.0,2.0,3.0
5d3bfbebfd9694001a2d0f99,feedback,5.0,2.0,4.0
5d6d729b679b200019c12498,feedback,4.0,6.0,5.0
5db7203e98ecdf000ae8d504,feedback,4.0,2.0,2.0
5dcfaad2dd9a740c2493fc28,feedback,2.0,6.0,5.0
5e234e6d06121f5eceaba7f1,feedback,4.0,1.0,4.0
5e4feb8037713502e9ed364b,feedback,1.0,5.0,4.0
5e7d1c1e70dd753a081a29d9,feedback,5.0,6.0,5.0
5e7e1679f8a96f4be83e51e4,feedback,2.0,6.0,4.0
5e9086ca917d9039e3c4cd25,feedback,6.0,4.0,5.0
5ecd61476e04500905a6eed2,feedback,4.0,6.0,5.0
5f04dc9fb117c31680c1a4f5,feedback,0.0,2.0,4.0
5f05ef4bd552bc0009e5566c,feedback,2.0,1.0,4.0
5f0c86cbe4af1361b7158f3e,feedback,4.0,6.0,5.0
5f11eb333c6e2c0df5b92270,feedback,2.0,3.0,5.0
5f1beeacb55680420cfcae9e,feedback,2.0,4.0,4.0
5f2f280854c3203084e218e5,feedback,6.0,4.0,5.0
5f35222b79aaa5065c8919bd,feedback,2.0,4.0,3.0
5f4fbebb8bb76c0c01881651,feedback,2.0,4.0,4.0
5f514593ea1e87365b9cb05f,feedback,3.0,4.0,3.0
5f653cb18aad310a9ee7c32d,feedback,4.0,2.0,3.0
5f70576bb22a006197aea6de,feedback,6.0,5.0,5.0
5fb8dc3c8e8e964121c6aa4c,feedback,3.0,2.0,4.0
5fd4d10b2f970406fe63ad96,feedback,5.0,5.0,4.0
5fef2fa9efea401f0b55a7c2,feedback,2.0,3.0,4.0
6002ae1ea178912bfa128adf,feedback,6.0,6.0,5.0
600c125c46cf802e41733705,feedback,3.0,4.0,4.0
604a4755d62e5590404b5426,feedback,3.0,4.0,4.0
604fa685e33606f9a0ee8189,feedback,5.0,6.0,5.0
60537fdcda0ac05f1c59c57f,feedback,2.0,4.0,4.0
605731872f40ec675cdf1f0b,feedback,2.0,6.0,5.0
605a25c743f7ab91b0881ddf,feedback,3.0,4.0,5.0
609510855d0c8e5bd0bdaf98,feedback,4.0,4.0,5.0
609eda349f5d29975fbc2145,feedback,2.0,3.0,4.0
60ae777b1f2abe681e903d0d,feedback,6.0,0.0,3.0
60d3867b6e7529fc77032b54,feedback,4.0,,5.0
60fae066c4ab91522a85f075,feedback,3.0,2.0,4.0
6100105892a2248ae5d48498,feedback,4.0,2.0,3.0
6107b81f125c20be9e368b49,feedback,6.0,5.0,5.0
61166b2cec63d8ea49e36aac,feedback,4.0,6.0,5.0
61333ed3b980f519ee86c45c,feedback,3.0,2.0,4.0
61572b39d8a0be3869ccd5ae,feedback,4.0,6.0,5.0
616c83fb9916289f401fb837,feedback,3.0,5.0,5.0
6234905bd877b34677aaa521,feedback,4.0,1.0,2.0
62a76cb3209f192d4ac62bec,feedback,6.0,3.0,5.0
62ac24c9af89f1f28aea1d11,feedback,6.0,4.0,5.0
62c5ebe612c40c7e32390bf6,feedback,3.0,4.0,3.0
62e3f7b224ec70641fd86b7b,feedback,4.0,4.0,5.0
62fbd2e4a303a0c6ff0874b1,feedback,4.0,3.0,4.0
63469da3cef76cc5b3523b97,feedback,4.0,2.0,5.0
6346e117e4e283094ff51b84,feedback,2.0,2.0,3.0
638e2eed82fa613f2140ba13,feedback,5.0,,5.0
6394a8f1f510b07aeaf465e0,feedback,6.0,4.0,4.0
6399d599c9d83e0ed0317ea2,feedback,4.0,2.0,4.0
63e57ca5d6e126546cfc66bf,feedback,2.0,5.0,5.0
63f85b1c3124fd03faff2126,feedback,4.0,,4.0
640485331e13a7bfa4a43d46,feedback,2.0,4.0,4.0
6441204e8a1c0c51415ce0f8,feedback,5.0,1.0,4.0
6441795624090301ddeba81e,feedback,1.0,2.0,2.0
6447cf4c43802edcd6b846bc,feedback,6.0,6.0,4.0
64784f5998230a548cb9cc60,feedback,6.0,5.0,5.0
648028bc524faa07ef0547eb,feedback,3.0,2.0,3.0
6501b7fd7c5faeb580b81204,feedback,3.0,5.0,5.0
65030c046782881e902a5aaa,feedback,4.0,5.0,5.0
650ae1b2157df341fd193714,feedback,5.0,6.0,5.0
65456ebc819cdd5600552571,feedback,4.0,4.0,5.0
6559e8fcb4e07db3db4e2165,feedback,2.0,3.0,3.0
656f3c80f7ac5f41e230b9ee,feedback,6.0,4.0,5.0
6570824312e21ad0a49858f4,feedback,2.0,,2.0
657b2d22191dda04598ef38b,feedback,4.0,6.0,5.0
65ff48ba8866040c0d0649c5,feedback,2.0,2.0,2.0
66084cde8c8b94db6ce51ac9,feedback,2.0,3.0,4.0
660ed790b7c0b8649c41f432,feedback,5.0,4.0,5.0
6630f6bfbdc7906ef7c0ee24,feedback,2.0,3.0,4.0
66338f4346e84e4f0469bc21,feedback,2.0,2.0,3.0
663a28078139647b4663d09f,feedback,4.0,3.0,4.0
664b530d4cf8b88b68548a11,feedback,2.0,,2.0
6658b161dc9f95822cbcf443,feedback,6.0,,6.0
6658b52898569e477b21cf41,feedback,4.0,2.0,5.0
6658c369bc36ded0ffe472b8,feedback,4.0,2.0,3.0
6658c6e6298aedbc9b7ac19c,feedback,2.0,,1.0
6658d13e8f1ee667f426421c,feedback,6.0,5.0,5.0
6658d9826d4ec610f1b0cc33,feedback,6.0,4.0,4.0
6659b0c46a1675f2d40e2586,feedback,5.0,4.0,5.0
6659f89651bdadba584e647c,feedback,6.0,5.0,5.0
665bae8786e39a9d3071ef7c,feedback,4.0,3.0,4.0
665e0faa748512c88de27385,feedback,6.0,3.0,4.0
665fa30eccda55b454554d95,feedback,6.0,5.0,5.0
6671adcf4074ec7382ad560e,feedback,4.0,,4.0
6676e7538c7c4c68e18aa31a,feedback,5.0,5.0,4.0
66774233add67a4a8e71398e,feedback,2.0,5.0,5.0
6679886309dd90c237d80e5d,feedback,4.0,3.0,5.0
667ac4dcd237965bb30cb0d0,feedback,4.0,5.0,4.0
6682935831ecbb91041102e5,feedback,5.0,4.0,5.0
6683b0f95482b81b9714b57c,feedback,6.0,,4.0
66847cc7c67232fae11af5b3,feedback,4.0,2.0,4.0
668c39cf43ce2932522f9d37,feedback,6.0,6.0,5.0
668d371bd614f22c3433ea48,feedback,3.0,2.0,4.0
668fa82eb6aad7177cb29ba0,feedback,5.0,5.0,5.0
669038b13e852687aaf4a1cb,feedback,2.0,3.0,4.0
66912ce354d84162615be8ba,feedback,3.0,4.0,4.0
66924f3f720e8dcc562ef6fd,feedback,5.0,4.0,4.0
66958ca9d7179281d46faf5d,feedback,4.0,,4.0
6697864e364c6864275e4a17,feedback,4.0,4.0,5.0
669d7d04ec742963733a5b35,feedback,2.0,1.0,2.0
66a15c42533255e95d1d34a1,feedback,3.0,6.0,5.0
66a63fbb0a4f33f35327ed8b,feedback,5.0,3.0,4.0
66aa8dcfbc121dcef0433ecf,feedback,2.0,2.0,5.0
66b0829f976a969235a5ca75,feedback,4.0,,5.0
66ba62aba868595bbef88f10,feedback,0.0,6.0,4.0
66c5e698d9527f93c31cab42,feedback,6.0,4.0,4.0
66c746f450506abe4d80b5e1,feedback,3.0,4.0,4.0
66cf306107ad4fcf4bef6f2f,feedback,4.0,,4.0
66d05ce2ebc84bef33af3a06,feedback,2.0,4.0,4.0
66d9a01e46a5112c3146c2bd,feedback,5.0,6.0,5.0
66df649422e557253882cee8,feedback,4.0,6.0,5.0
66edea9d406f629b67ce30b8,feedback,1.0,0.0,2.0
66f1aeb024eaa71730ee0d8f,feedback,3.0,5.0,5.0
66fd3f6c93c24ecc119be354,feedback,4.0,4.0,4.0
670939463679b3968927066e,feedback,2.0,4.0,4.0
6709725953883fa2a8fe6957,feedback,5.0,5.0,5.0
670ffdb6896bad5ab5d6f894,feedback,6.0,6.0,5.0
6713edf459846149d7bcc948,feedback,4.0,3.0,4.0
6715013670bed7e4e955f109,feedback,2.0,1.0,2.0
67150a8c59846149d7bd00f2,feedback,2.0,2.0,4.0
671566748ec974a47ace455b,feedback,6.0,2.0,2.0
6718f7d06399295fc47821c0,feedback,1.0,2.0,3.0
671a5b8dfc53e73310491a62,feedback,3.0,2.0,4.0
67202234fd2f16cdb9c34721,feedback,3.0,4.0,4.0
67236d7fadd6365361bd7cc0,feedback,2.0,2.0,4.0
6727964977929019f6ff8a5d,feedback,2.0,,5.0
672b2e8321750551265ac390,feedback,4.0,3.0,5.0
672b8d3c37b9296c39c3f677,feedback,5.0,6.0,5.0
672c33aafed3be2f2a6ccfa0,feedback,6.0,4.0,5.0
672d027eb57569b5077e0cc4,feedback,6.0,6.0,4.0
672d2977ae54935ef84a2b74,feedback,3.0,6.0,5.0
672f38145bf80a772f4ac20a,feedback,6.0,3.0,5.0
67320610635afc65498583cb,feedback,6.0,6.0,4.0
6734acb87201d0735d63632c,feedback,2.0,2.0,4.0
6737d9fe76856492fd1603ef,feedback,2.0,5.0,5.0
6738a38d5b42ebdad45239a4,feedback,4.0,5.0,5.0
6738dae02c5a63be153fbe29,feedback,3.0,,4.0
673b5c1281eb82f767f4d71c,feedback,3.0,2.0,4.0
673bab950ce7fb673ff7eecc,feedback,4.0,6.0,4.0
673e1fe5947080d86c749aff,feedback,3.0,4.0,4.0
6740fd7385a9299cf29bdf96,feedback,6.0,6.0,4.0
6742f8bfd1cce3eadeee8c62,feedback,2.0,1.0,3.0
6744d50e3bd8711b57216cd2,feedback,6.0,4.0,5.0
67465c29233ddf0c2040ced8,feedback,6.0,6.0,5.0
6747536d88cb6d53b9bed191,feedback,2.0,4.0,4.0
6751467d0ef4bb17c804e4c0,feedback,4.0,2.0,4.0
675590f1eeef66188a85e1cd,feedback,2.0,3.0,4.0
67580f69a9a3cb759240904b,feedback,3.0,6.0,4.0
67591767ad41717a9710c4b8,feedback,4.0,5.0,4.0
6759718f66f6d338a0663100,feedback,2.0,4.0,4.0
675af02593fabc7398d6447e,feedback,4.0,,3.0
675e06422af6e9cb4bcbd459,feedback,2.0,4.0,3.0
675e8e92f5b7ffad57a265b1,feedback,0.0,2.0,2.0
67605cad2b91076c10846479,feedback,4.0,3.0,4.0
676060fef2955d6112c7e224,feedback,3.0,3.0,4.0
67609dc51817400f95f9db14,feedback,5.0,6.0,5.0
6760c6a23c7512b7ca3383d0,feedback,5.0,3.0,4.0
676288b65215f42b28a98b3f,feedback,3.0,4.0,4.0
67644c9e4a8508ec299135c5,feedback,4.0,4.0,5.0
67657ea1ad7558bf427f3a22,feedback,2.0,4.0,4.0
67687d94d5edc29f07de0176,feedback,2.0,,4.0
676d0d8ea1b34584f966c1f6,feedback,2.0,3.0,4.0
676d3ef7769d39d4537e67d4,feedback,5.0,4.0,4.0
676ee670250de1d8b3e57b03,feedback,2.0,,1.0
676fb072a0f80a990bd4cd32,feedback,3.0,2.0,4.0
67717e578f7fc3b6ff3c6ae8,feedback,6.0,6.0,5.0
677299ebbff623812504a11d,feedback,6.0,6.0,5.0
6772b66d08f724d93d1aab73,feedback,4.0,3.0,4.0
6772e1e5965ccca40d8cfba9,feedback,5.0,5.0,5.0
6773e8418b4496160ace9137,feedback,2.0,4.0,4.0
6775b6f1acaab15bb77f71af,feedback,5.0,6.0,5.0
677692c13cfeae70079e3caa,feedback,6.0,5.0,5.0
6777bc5eec85e7e2afa09d77,feedback,4.0,5.0,5.0
6777f8aafc72369e96bb6da6,feedback,2.0,3.0,3.0
6779cadff8dc4ddeecc54ce2,feedback,2.0,4.0,3.0
677a5d8e2115bfbb2fa0c73c,feedback,6.0,6.0,5.0
677be7f32b827fb2ae1eb7f0,feedback,2.0,2.0,3.0
677e74c8dd1dce11a8f96f88,feedback,2.0,6.0,4.0
678019571a2ac0496e597be5,feedback,2.0,1.0,4.0
6783379eb9fef4654886ead1,feedback,2.0,2.0,3.0
6788228f3fcc7c8b75b77522,feedback,3.0,6.0,5.0
67a688221058a62a9fa76a82,feedback,2.0,1.0,2.0
566feba6b937e400052d33b2,understanding,6.0,4.0,5.0
56f699e876348f000c883bba,understanding,3.0,,4.0
577a3dfd92c50c0001c9488f,understanding,5.0,4.0,4.0
57b4a771cda70d0001534835,understanding,2.0,2.0,3.0
57c357770e6a1f00015f6038,understanding,3.0,6.0,4.0
57dd3b0e91b7fc0001493db9,understanding,6.0,6.0,5.0
58d43fb77c08be0001c24830,understanding,3.0,5.0,5.0
595d3afcdd044900012ce78a,understanding,2.0,3.0,5.0
5962a5b29955ee00015bce98,understanding,4.0,4.0,5.0
598f22af33481c000164d359,understanding,6.0,5.0,5.0
599442e6bf8bcf0001ab6857,understanding,4.0,2.0,5.0
5997043dbbe84800017964a7,understanding,5.0,4.0,4.0
599ab130b5566b0001aa85bb,understanding,3.0,2.0,5.0
599acb2f6c165e000113fc70,understanding,4.0,6.0,5.0
59baa4f5178f1b00018289b2,understanding,2.0,4.0,4.0
59d1f0fffaf42e00012b6c20,understanding,2.0,5.0,5.0
59d3b07947f4e80001a6c551,understanding,2.0,3.0,4.0
59dccd61e75b450001a689b7,understanding,4.0,5.0,5.0
59e7232f24d7bf00012f112e,understanding,3.0,1.0,3.0
59ef022eae9f950001d84a43,understanding,6.0,3.0,5.0
5a57e4f7acc75b00017a2dcd,understanding,1.0,2.0,4.0
5a75b131eea3d300016ddc70,understanding,4.0,5.0,4.0
5a9c41f2dbdb470001eeef9c,understanding,6.0,4.0,5.0
5a9c4b3d35237b000112a00e,understanding,4.0,3.0,5.0
5aafd9eff69e940001d88bf4,understanding,2.0,4.0,3.0
5b2bcfb51835660001cc6751,understanding,3.0,5.0,5.0
5b2bd649ed66460001e86e39,understanding,5.0,4.0,5.0
5b4a3ab1bc06c90001f902f4,understanding,3.0,5.0,4.0
5bf53b3c87780800014ed5aa,understanding,4.0,4.0,5.0
5c197c9c020cbb00011201fe,understanding,2.0,6.0,5.0
5c37a0e7bef9a20001e3a497,understanding,4.0,2.0,5.0
5c407a2c41b3f9000195e19f,understanding,5.0,4.0,5.0
5c4602713d08e80001369876,understanding,4.0,5.0,5.0
5c4a061161db8c00015e4fb0,understanding,6.0,1.0,5.0
5c59e12429f64c0001cc6436,understanding,2.0,0.0,3.0
5c5b66cb3312f1000112f694,understanding,5.0,5.0,5.0
5c5d36bc034e280001644c3b,understanding,2.0,2.0,3.0
5c5ff87f8c0552000109d7de,understanding,2.0,4.0,4.0
5c72f9bf8711bf000139c5ee,understanding,4.0,3.0,3.0
5cad1eef8ed53d00180d2532,understanding,3.0,2.0,3.0
5cb87813635b940017c2037a,understanding,6.0,2.0,5.0
5cc99062d918560016acf6ac,understanding,3.0,4.0,4.0
5ce15b0ea7b516001828c646,understanding,4.0,,4.0
5cedaba627d8ce00018469bb,understanding,1.0,,1.0
5d02a158c8a372001abf3b30,understanding,4.0,4.0,5.0
5d038adefda4bb00013f8afb,understanding,3.0,5.0,5.0
5d0a5d36d41b4b00172c3cc9,understanding,5.0,4.0,5.0
5d20c6d5b1e50a001c19e622,understanding,1.0,6.0,3.0
5d3bfbebfd9694001a2d0f99,understanding,5.0,2.0,5.0
5d6d729b679b200019c12498,understanding,4.0,6.0,5.0
5db7203e98ecdf000ae8d504,understanding,3.0,2.0,3.0
5dcfaad2dd9a740c2493fc28,understanding,0.0,5.0,5.0
5e234e6d06121f5eceaba7f1,understanding,6.0,1.0,4.0
5e4feb8037713502e9ed364b,understanding,2.0,5.0,5.0
5e7d1c1e70dd753a081a29d9,understanding,5.0,6.0,5.0
5e7e1679f8a96f4be83e51e4,understanding,2.0,3.0,5.0
5e9086ca917d9039e3c4cd25,understanding,6.0,6.0,5.0
5ecd61476e04500905a6eed2,understanding,4.0,6.0,5.0
5f04dc9fb117c31680c1a4f5,understanding,2.0,2.0,4.0
5f05ef4bd552bc0009e5566c,understanding,3.0,2.0,5.0
5f0c86cbe4af1361b7158f3e,understanding,4.0,6.0,5.0
5f11eb333c6e2c0df5b92270,understanding,4.0,3.0,5.0
5f1beeacb55680420cfcae9e,understanding,3.0,4.0,5.0
5f2f280854c3203084e218e5,understanding,6.0,3.0,5.0
5f35222b79aaa5065c8919bd,understanding,2.0,4.0,4.0
5f4fbebb8bb76c0c01881651,understanding,2.0,3.0,4.0
5f514593ea1e87365b9cb05f,understanding,4.0,3.0,3.0
5f653cb18aad310a9ee7c32d,understanding,4.0,2.0,4.0
5f70576bb22a006197aea6de,understanding,6.0,5.0,5.0
5fb8dc3c8e8e964121c6aa4c,understanding,2.0,4.0,4.0
5fd4d10b2f970406fe63ad96,understanding,4.0,5.0,5.0
5fef2fa9efea401f0b55a7c2,understanding,2.0,4.0,4.0
6002ae1ea178912bfa128adf,understanding,6.0,5.0,5.0
600c125c46cf802e41733705,understanding,4.0,5.0,4.0
604a4755d62e5590404b5426,understanding,3.0,4.0,5.0
604fa685e33606f9a0ee8189,understanding,5.0,6.0,5.0
60537fdcda0ac05f1c59c57f,understanding,4.0,3.0,5.0
605731872f40ec675cdf1f0b,understanding,4.0,5.0,5.0
605a25c743f7ab91b0881ddf,understanding,4.0,4.0,5.0
609510855d0c8e5bd0bdaf98,understanding,4.0,6.0,5.0
609eda349f5d29975fbc2145,understanding,2.0,4.0,5.0
60ae777b1f2abe681e903d0d,understanding,4.0,4.0,4.0
60d3867b6e7529fc77032b54,understanding,5.0,,6.0
60fae066c4ab91522a85f075,understanding,3.0,3.0,4.0
6100105892a2248ae5d48498,understanding,6.0,2.0,4.0
6107b81f125c20be9e368b49,understanding,6.0,5.0,5.0
61166b2cec63d8ea49e36aac,understanding,5.0,6.0,5.0
61333ed3b980f519ee86c45c,understanding,4.0,4.0,5.0
61572b39d8a0be3869ccd5ae,understanding,4.0,4.0,5.0
616c83fb9916289f401fb837,understanding,5.0,5.0,5.0
6234905bd877b34677aaa521,understanding,4.0,1.0,3.0
62a76cb3209f192d4ac62bec,understanding,6.0,2.0,5.0
62ac24c9af89f1f28aea1d11,understanding,5.0,4.0,5.0
62c5ebe612c40c7e32390bf6,understanding,3.0,4.0,4.0
62e3f7b224ec70641fd86b7b,understanding,6.0,3.0,5.0
62fbd2e4a303a0c6ff0874b1,understanding,3.0,4.0,5.0
63469da3cef76cc5b3523b97,understanding,4.0,2.0,5.0
6346e117e4e283094ff51b84,understanding,0.0,1.0,4.0
638e2eed82fa613f2140ba13,understanding,5.0,,5.0
6394a8f1f510b07aeaf465e0,understanding,6.0,4.0,5.0
6399d599c9d83e0ed0317ea2,understanding,4.0,4.0,4.0
63e57ca5d6e126546cfc66bf,understanding,2.0,5.0,5.0
63f85b1c3124fd03faff2126,understanding,5.0,,5.0
640485331e13a7bfa4a43d46,understanding,2.0,2.0,5.0
6441204e8a1c0c51415ce0f8,understanding,4.0,3.0,4.0
6441795624090301ddeba81e,understanding,3.0,4.0,3.0
6447cf4c43802edcd6b846bc,understanding,6.0,6.0,5.0
64784f5998230a548cb9cc60,understanding,4.0,5.0,5.0
648028bc524faa07ef0547eb,understanding,3.0,1.0,4.0
6501b7fd7c5faeb580b81204,understanding,3.0,4.0,5.0
65030c046782881e902a5aaa,understanding,5.0,5.0,5.0
650ae1b2157df341fd193714,understanding,6.0,4.0,5.0
65456ebc819cdd5600552571,understanding,4.0,5.0,5.0
6559e8fcb4e07db3db4e2165,understanding,2.0,3.0,4.0
656f3c80f7ac5f41e230b9ee,understanding,5.0,4.0,5.0
6570824312e21ad0a49858f4,understanding,2.0,,3.0
657b2d22191dda04598ef38b,understanding,4.0,6.0,5.0
65ff48ba8866040c0d0649c5,understanding,2.0,2.0,3.0
66084cde8c8b94db6ce51ac9,understanding,2.0,3.0,4.0
660ed790b7c0b8649c41f432,understanding,4.0,4.0,5.0
6630f6bfbdc7906ef7c0ee24,understanding,2.0,2.0,5.0
66338f4346e84e4f0469bc21,understanding,3.0,4.0,4.0
663a28078139647b4663d09f,understanding,4.0,3.0,5.0
664b530d4cf8b88b68548a11,understanding,2.0,,3.0
6658b161dc9f95822cbcf443,understanding,6.0,,6.0
6658b52898569e477b21cf41,understanding,4.0,6.0,5.0
6658c369bc36ded0ffe472b8,understanding,3.0,4.0,4.0
6658c6e6298aedbc9b7ac19c,understanding,4.0,,5.0
6658d13e8f1ee667f426421c,understanding,6.0,5.0,5.0
6658d9826d4ec610f1b0cc33,understanding,6.0,3.0,5.0
6659b0c46a1675f2d40e2586,understanding,5.0,4.0,5.0
6659f89651bdadba584e647c,understanding,6.0,4.0,5.0
665bae8786e39a9d3071ef7c,understanding,4.0,3.0,5.0
665e0faa748512c88de27385,understanding,5.0,2.0,5.0
665fa30eccda55b454554d95,understanding,6.0,6.0,5.0
6671adcf4074ec7382ad560e,understanding,4.0,,4.0
6676e7538c7c4c68e18aa31a,understanding,4.0,6.0,5.0
66774233add67a4a8e71398e,understanding,3.0,4.0,5.0
6679886309dd90c237d80e5d,understanding,4.0,3.0,5.0
667ac4dcd237965bb30cb0d0,understanding,3.0,4.0,5.0
6682935831ecbb91041102e5,understanding,4.0,4.0,5.0
6683b0f95482b81b9714b57c,understanding,6.0,,5.0
66847cc7c67232fae11af5b3,understanding,4.0,2.0,4.0
668c39cf43ce2932522f9d37,understanding,6.0,6.0,5.0
668d371bd614f22c3433ea48,understanding,3.0,4.0,4.0
668fa82eb6aad7177cb29ba0,understanding,6.0,4.0,5.0
669038b13e852687aaf4a1cb,understanding,2.0,3.0,4.0
66912ce354d84162615be8ba,understanding,3.0,2.0,5.0
66924f3f720e8dcc562ef6fd,understanding,5.0,4.0,5.0
66958ca9d7179281d46faf5d,understanding,2.0,,1.0
6697864e364c6864275e4a17,understanding,5.0,3.0,5.0
669d7d04ec742963733a5b35,understanding,3.0,2.0,3.0
66a15c42533255e95d1d34a1,understanding,4.0,6.0,5.0
66a63fbb0a4f33f35327ed8b,understanding,4.0,2.0,5.0
66aa8dcfbc121dcef0433ecf,understanding,2.0,2.0,5.0
66b0829f976a969235a5ca75,understanding,4.0,,5.0
66ba62aba868595bbef88f10,understanding,4.0,6.0,4.0
66c5e698d9527f93c31cab42,understanding,6.0,3.0,5.0
66c746f450506abe4d80b5e1,understanding,4.0,2.0,5.0
66cf306107ad4fcf4bef6f2f,understanding,5.0,,5.0
66d05ce2ebc84bef33af3a06,understanding,2.0,4.0,5.0
66d9a01e46a5112c3146c2bd,understanding,2.0,6.0,5.0
66df649422e557253882cee8,understanding,4.0,6.0,5.0
66edea9d406f629b67ce30b8,understanding,1.0,1.0,3.0
66f1aeb024eaa71730ee0d8f,understanding,4.0,4.0,5.0
66fd3f6c93c24ecc119be354,understanding,4.0,4.0,4.0
670939463679b3968927066e,understanding,2.0,4.0,4.0
6709725953883fa2a8fe6957,understanding,5.0,5.0,5.0
670ffdb6896bad5ab5d6f894,understanding,6.0,5.0,5.0
6713edf459846149d7bcc948,understanding,4.0,3.0,5.0
6715013670bed7e4e955f109,understanding,3.0,2.0,2.0
67150a8c59846149d7bd00f2,understanding,3.0,2.0,5.0
671566748ec974a47ace455b,understanding,5.0,2.0,3.0
6718f7d06399295fc47821c0,understanding,2.0,2.0,4.0
671a5b8dfc53e73310491a62,understanding,2.0,2.0,5.0
67202234fd2f16cdb9c34721,understanding,5.0,4.0,5.0
67236d7fadd6365361bd7cc0,understanding,4.0,2.0,5.0
6727964977929019f6ff8a5d,understanding,0.0,,5.0
672b2e8321750551265ac390,understanding,5.0,3.0,5.0
672b8d3c37b9296c39c3f677,understanding,4.0,6.0,5.0
672c33aafed3be2f2a6ccfa0,understanding,6.0,4.0,5.0
672d027eb57569b5077e0cc4,understanding,6.0,4.0,5.0
672d2977ae54935ef84a2b74,understanding,3.0,6.0,5.0
672f38145bf80a772f4ac20a,understanding,6.0,3.0,5.0
67320610635afc65498583cb,understanding,6.0,6.0,4.0
6734acb87201d0735d63632c,understanding,2.0,4.0,4.0
6737d9fe76856492fd1603ef,understanding,2.0,4.0,5.0
6738a38d5b42ebdad45239a4,understanding,3.0,5.0,5.0
6738dae02c5a63be153fbe29,understanding,2.0,,4.0
673b5c1281eb82f767f4d71c,understanding,3.0,2.0,4.0
673bab950ce7fb673ff7eecc,understanding,3.0,4.0,4.0
673e1fe5947080d86c749aff,understanding,4.0,4.0,5.0
6740fd7385a9299cf29bdf96,understanding,5.0,6.0,5.0
6742f8bfd1cce3eadeee8c62,understanding,2.0,3.0,4.0
6744d50e3bd8711b57216cd2,understanding,4.0,5.0,5.0
67465c29233ddf0c2040ced8,understanding,6.0,6.0,5.0
6747536d88cb6d53b9bed191,understanding,4.0,4.0,4.0
6751467d0ef4bb17c804e4c0,understanding,5.0,4.0,4.0
675590f1eeef66188a85e1cd,understanding,2.0,6.0,4.0
67580f69a9a3cb759240904b,understanding,4.0,6.0,5.0
67591767ad41717a9710c4b8,understanding,3.0,3.0,4.0
6759718f66f6d338a0663100,understanding,1.0,4.0,4.0
675af02593fabc7398d6447e,understanding,4.0,,4.0
675e06422af6e9cb4bcbd459,understanding,4.0,5.0,4.0
675e8e92f5b7ffad57a265b1,understanding,4.0,2.0,3.0
67605cad2b91076c10846479,understanding,2.0,4.0,4.0
676060fef2955d6112c7e224,understanding,3.0,2.0,4.0
67609dc51817400f95f9db14,understanding,5.0,6.0,5.0
6760c6a23c7512b7ca3383d0,understanding,5.0,4.0,5.0
676288b65215f42b28a98b3f,understanding,4.0,4.0,4.0
67644c9e4a8508ec299135c5,understanding,4.0,4.0,5.0
67657ea1ad7558bf427f3a22,understanding,2.0,4.0,5.0
67687d94d5edc29f07de0176,understanding,6.0,,4.0
676d0d8ea1b34584f966c1f6,understanding,1.0,3.0,5.0
676d3ef7769d39d4537e67d4,understanding,4.0,4.0,5.0
676ee670250de1d8b3e57b03,understanding,2.0,,3.0
676fb072a0f80a990bd4cd32,understanding,2.0,3.0,4.0
67717e578f7fc3b6ff3c6ae8,understanding,6.0,4.0,5.0
677299ebbff623812504a11d,understanding,6.0,6.0,5.0
6772b66d08f724d93d1aab73,understanding,5.0,3.0,5.0
6772e1e5965ccca40d8cfba9,understanding,5.0,5.0,5.0
6773e8418b4496160ace9137,understanding,2.0,3.0,4.0
6775b6f1acaab15bb77f71af,understanding,4.0,4.0,5.0
677692c13cfeae70079e3caa,understanding,6.0,5.0,5.0
6777bc5eec85e7e2afa09d77,understanding,5.0,4.0,5.0
6777f8aafc72369e96bb6da6,understanding,2.0,2.0,4.0
6779cadff8dc4ddeecc54ce2,understanding,3.0,4.0,4.0
677a5d8e2115bfbb2fa0c73c,understanding,6.0,6.0,5.0
677be7f32b827fb2ae1eb7f0,understanding,2.0,2.0,4.0
677e74c8dd1dce11a8f96f88,understanding,3.0,6.0,5.0
678019571a2ac0496e597be5,understanding,3.0,1.0,4.0
6783379eb9fef4654886ead1,understanding,3.0,3.0,4.0
6788228f3fcc7c8b75b77522,understanding,3.0,6.0,5.0
67a688221058a62a9fa76a82,understanding,3.0,4.0,3.0
566feba6b937e400052d33b2,interpersonal,4.0,3.0,5.0
56f699e876348f000c883bba,interpersonal,3.0,,4.0
577a3dfd92c50c0001c9488f,interpersonal,5.0,5.0,4.0
57b4a771cda70d0001534835,interpersonal,2.0,3.0,3.0
57c357770e6a1f00015f6038,interpersonal,4.0,5.0,4.0
57dd3b0e91b7fc0001493db9,interpersonal,6.0,6.0,5.0
58d43fb77c08be0001c24830,interpersonal,4.0,6.0,5.0
595d3afcdd044900012ce78a,interpersonal,4.0,4.0,5.0
5962a5b29955ee00015bce98,interpersonal,4.0,4.0,5.0
598f22af33481c000164d359,interpersonal,6.0,5.0,4.0
599442e6bf8bcf0001ab6857,interpersonal,3.0,0.0,5.0
5997043dbbe84800017964a7,interpersonal,4.0,4.0,4.0
599ab130b5566b0001aa85bb,interpersonal,3.0,4.0,5.0
599acb2f6c165e000113fc70,interpersonal,4.0,6.0,5.0
59baa4f5178f1b00018289b2,interpersonal,3.0,4.0,4.0
59d1f0fffaf42e00012b6c20,interpersonal,2.0,4.0,5.0
59d3b07947f4e80001a6c551,interpersonal,2.0,4.0,4.0
59dccd61e75b450001a689b7,interpersonal,4.0,5.0,5.0
59e7232f24d7bf00012f112e,interpersonal,3.0,2.0,3.0
59ef022eae9f950001d84a43,interpersonal,6.0,4.0,5.0
5a57e4f7acc75b00017a2dcd,interpersonal,1.0,4.0,4.0
5a75b131eea3d300016ddc70,interpersonal,4.0,5.0,4.0
5a9c41f2dbdb470001eeef9c,interpersonal,6.0,4.0,5.0
5a9c4b3d35237b000112a00e,interpersonal,4.0,4.0,5.0
5aafd9eff69e940001d88bf4,interpersonal,2.0,2.0,2.0
5b2bcfb51835660001cc6751,interpersonal,4.0,5.0,5.0
5b2bd649ed66460001e86e39,interpersonal,5.0,5.0,5.0
5b4a3ab1bc06c90001f902f4,interpersonal,3.0,4.0,4.0
5bf53b3c87780800014ed5aa,interpersonal,4.0,3.0,5.0
5c197c9c020cbb00011201fe,interpersonal,2.0,5.0,5.0
5c37a0e7bef9a20001e3a497,interpersonal,4.0,2.0,5.0
5c407a2c41b3f9000195e19f,interpersonal,5.0,2.0,5.0
5c4602713d08e80001369876,interpersonal,4.0,4.0,5.0
5c4a061161db8c00015e4fb0,interpersonal,6.0,2.0,5.0
5c59e12429f64c0001cc6436,interpersonal,2.0,1.0,3.0
5c5b66cb3312f1000112f694,interpersonal,5.0,5.0,5.0
5c5d36bc034e280001644c3b,interpersonal,2.0,3.0,3.0
5c5ff87f8c0552000109d7de,interpersonal,2.0,4.0,4.0
5c72f9bf8711bf000139c5ee,interpersonal,4.0,3.0,3.0
5cad1eef8ed53d00180d2532,interpersonal,4.0,2.0,3.0
5cb87813635b940017c2037a,interpersonal,6.0,1.0,5.0
5cc99062d918560016acf6ac,interpersonal,4.0,3.0,4.0
5ce15b0ea7b516001828c646,interpersonal,4.0,,4.0
5cedaba627d8ce00018469bb,interpersonal,2.0,,1.0
5d02a158c8a372001abf3b30,interpersonal,3.0,4.0,5.0
5d038adefda4bb00013f8afb,interpersonal,4.0,5.0,5.0
5d0a5d36d41b4b00172c3cc9,interpersonal,4.0,4.0,4.0
5d20c6d5b1e50a001c19e622,interpersonal,2.0,4.0,3.0
5d3bfbebfd9694001a2d0f99,interpersonal,4.0,3.0,5.0
5d6d729b679b200019c12498,interpersonal,4.0,6.0,5.0
5db7203e98ecdf000ae8d504,interpersonal,4.0,2.0,3.0
5dcfaad2dd9a740c2493fc28,interpersonal,0.0,5.0,5.0
5e234e6d06121f5eceaba7f1,interpersonal,6.0,0.0,4.0
5e4feb8037713502e9ed364b,interpersonal,4.0,5.0,5.0
5e7d1c1e70dd753a081a29d9,interpersonal,5.0,6.0,5.0
5e7e1679f8a96f4be83e51e4,interpersonal,3.0,4.0,5.0
5e9086ca917d9039e3c4cd25,interpersonal,6.0,6.0,5.0
5ecd61476e04500905a6eed2,interpersonal,5.0,6.0,5.0
5f04dc9fb117c31680c1a4f5,interpersonal,4.0,2.0,4.0
5f05ef4bd552bc0009e5566c,interpersonal,2.0,2.0,5.0
5f0c86cbe4af1361b7158f3e,interpersonal,4.0,6.0,5.0
5f11eb333c6e2c0df5b92270,interpersonal,3.0,4.0,5.0
5f1beeacb55680420cfcae9e,interpersonal,3.0,4.0,4.0
5f2f280854c3203084e218e5,interpersonal,6.0,2.0,5.0
5f35222b79aaa5065c8919bd,interpersonal,3.0,4.0,4.0
5f4fbebb8bb76c0c01881651,interpersonal,2.0,3.0,4.0
5f514593ea1e87365b9cb05f,interpersonal,4.0,3.0,3.0
5f653cb18aad310a9ee7c32d,interpersonal,4.0,2.0,3.0
5f70576bb22a006197aea6de,interpersonal,6.0,5.0,5.0
5fb8dc3c8e8e964121c6aa4c,interpersonal,2.0,3.0,4.0
5fd4d10b2f970406fe63ad96,interpersonal,5.0,5.0,5.0
5fef2fa9efea401f0b55a7c2,interpersonal,2.0,3.0,4.0
6002ae1ea178912bfa128adf,interpersonal,5.0,6.0,5.0
600c125c46cf802e41733705,interpersonal,4.0,6.0,4.0
604a4755d62e5590404b5426,interpersonal,4.0,4.0,4.0
604fa685e33606f9a0ee8189,interpersonal,5.0,5.0,5.0
60537fdcda0ac05f1c59c57f,interpersonal,4.0,2.0,5.0
605731872f40ec675cdf1f0b,interpersonal,3.0,6.0,5.0
605a25c743f7ab91b0881ddf,interpersonal,4.0,4.0,5.0
609510855d0c8e5bd0bdaf98,interpersonal,4.0,6.0,5.0
609eda349f5d29975fbc2145,interpersonal,2.0,3.0,5.0
60ae777b1f2abe681e903d0d,interpersonal,4.0,3.0,4.0
60d3867b6e7529fc77032b54,interpersonal,5.0,,5.0
60fae066c4ab91522a85f075,interpersonal,3.0,3.0,4.0
6100105892a2248ae5d48498,interpersonal,5.0,2.0,4.0
6107b81f125c20be9e368b49,interpersonal,6.0,6.0,5.0
61166b2cec63d8ea49e36aac,interpersonal,5.0,5.0,5.0
61333ed3b980f519ee86c45c,interpersonal,4.0,4.0,4.0
61572b39d8a0be3869ccd5ae,interpersonal,4.0,4.0,5.0
616c83fb9916289f401fb837,interpersonal,5.0,5.0,5.0
6234905bd877b34677aaa521,interpersonal,4.0,2.0,3.0
62a76cb3209f192d4ac62bec,interpersonal,6.0,2.0,5.0
62ac24c9af89f1f28aea1d11,interpersonal,5.0,6.0,5.0
62c5ebe612c40c7e32390bf6,interpersonal,4.0,5.0,4.0
62e3f7b224ec70641fd86b7b,interpersonal,6.0,4.0,5.0
62fbd2e4a303a0c6ff0874b1,interpersonal,3.0,4.0,5.0
63469da3cef76cc5b3523b97,interpersonal,4.0,4.0,5.0
6346e117e4e283094ff51b84,interpersonal,0.0,2.0,4.0
638e2eed82fa613f2140ba13,interpersonal,5.0,,5.0
6394a8f1f510b07aeaf465e0,interpersonal,6.0,4.0,4.0
6399d599c9d83e0ed0317ea2,interpersonal,3.0,4.0,4.0
63e57ca5d6e126546cfc66bf,interpersonal,3.0,4.0,5.0
63f85b1c3124fd03faff2126,interpersonal,6.0,,5.0
640485331e13a7bfa4a43d46,interpersonal,2.0,3.0,5.0
6441204e8a1c0c51415ce0f8,interpersonal,5.0,2.0,4.0
6441795624090301ddeba81e,interpersonal,3.0,5.0,3.0
6447cf4c43802edcd6b846bc,interpersonal,6.0,6.0,5.0
64784f5998230a548cb9cc60,interpersonal,6.0,5.0,5.0
648028bc524faa07ef0547eb,interpersonal,3.0,2.0,4.0
6501b7fd7c5faeb580b81204,interpersonal,3.0,4.0,5.0
65030c046782881e902a5aaa,interpersonal,5.0,6.0,5.0
650ae1b2157df341fd193714,interpersonal,5.0,4.0,5.0
65456ebc819cdd5600552571,interpersonal,4.0,4.0,5.0
6559e8fcb4e07db3db4e2165,interpersonal,3.0,4.0,4.0
656f3c80f7ac5f41e230b9ee,interpersonal,4.0,4.0,5.0
6570824312e21ad0a49858f4,interpersonal,2.0,,3.0
657b2d22191dda04598ef38b,interpersonal,3.0,6.0,5.0
65ff48ba8866040c0d0649c5,interpersonal,2.0,2.0,3.0
66084cde8c8b94db6ce51ac9,interpersonal,2.0,2.0,4.0
660ed790b7c0b8649c41f432,interpersonal,3.0,4.0,5.0
6630f6bfbdc7906ef7c0ee24,interpersonal,2.0,3.0,4.0
66338f4346e84e4f0469bc21,interpersonal,2.0,5.0,4.0
663a28078139647b4663d09f,interpersonal,4.0,3.0,4.0
664b530d4cf8b88b68548a11,interpersonal,1.0,,0.0
6658b161dc9f95822cbcf443,interpersonal,6.0,,6.0
6658b52898569e477b21cf41,interpersonal,4.0,4.0,5.0
6658c369bc36ded0ffe472b8,interpersonal,4.0,2.0,4.0
6658c6e6298aedbc9b7ac19c,interpersonal,4.0,,5.0
6658d13e8f1ee667f426421c,interpersonal,6.0,5.0,5.0
6658d9826d4ec610f1b0cc33,interpersonal,6.0,3.0,5.0
6659b0c46a1675f2d40e2586,interpersonal,5.0,4.0,5.0
6659f89651bdadba584e647c,interpersonal,6.0,4.0,5.0
665bae8786e39a9d3071ef7c,interpersonal,4.0,4.0,5.0
665e0faa748512c88de27385,interpersonal,5.0,3.0,5.0
665fa30eccda55b454554d95,interpersonal,6.0,6.0,5.0
6671adcf4074ec7382ad560e,interpersonal,5.0,,4.0
6676e7538c7c4c68e18aa31a,interpersonal,5.0,6.0,5.0
66774233add67a4a8e71398e,interpersonal,2.0,4.0,5.0
6679886309dd90c237d80e5d,interpersonal,4.0,3.0,5.0
667ac4dcd237965bb30cb0d0,interpersonal,5.0,4.0,5.0
6682935831ecbb91041102e5,interpersonal,4.0,4.0,5.0
6683b0f95482b81b9714b57c,interpersonal,6.0,,5.0
66847cc7c67232fae11af5b3,interpersonal,4.0,2.0,4.0
668c39cf43ce2932522f9d37,interpersonal,6.0,4.0,5.0
668d371bd614f22c3433ea48,interpersonal,3.0,3.0,4.0
668fa82eb6aad7177cb29ba0,interpersonal,4.0,4.0,5.0
669038b13e852687aaf4a1cb,interpersonal,3.0,4.0,4.0
66912ce354d84162615be8ba,interpersonal,4.0,2.0,4.0
66924f3f720e8dcc562ef6fd,interpersonal,5.0,4.0,4.0
66958ca9d7179281d46faf5d,interpersonal,2.0,,1.0
6697864e364c6864275e4a17,interpersonal,4.0,4.0,5.0
669d7d04ec742963733a5b35,interpersonal,4.0,2.0,3.0
66a15c42533255e95d1d34a1,interpersonal,4.0,6.0,5.0
66a63fbb0a4f33f35327ed8b,interpersonal,5.0,2.0,5.0
66aa8dcfbc121dcef0433ecf,interpersonal,2.0,2.0,5.0
66b0829f976a969235a5ca75,interpersonal,4.0,,5.0
66ba62aba868595bbef88f10,interpersonal,4.0,6.0,4.0
66c5e698d9527f93c31cab42,interpersonal,6.0,3.0,5.0
66c746f450506abe4d80b5e1,interpersonal,4.0,2.0,4.0
66cf306107ad4fcf4bef6f2f,interpersonal,5.0,,5.0
66d05ce2ebc84bef33af3a06,interpersonal,2.0,4.0,5.0
66d9a01e46a5112c3146c2bd,interpersonal,4.0,6.0,5.0
66df649422e557253882cee8,interpersonal,4.0,6.0,5.0
66edea9d406f629b67ce30b8,interpersonal,0.0,2.0,3.0
66f1aeb024eaa71730ee0d8f,interpersonal,4.0,4.0,5.0
66fd3f6c93c24ecc119be354,interpersonal,5.0,4.0,4.0
670939463679b3968927066e,interpersonal,2.0,4.0,4.0
6709725953883fa2a8fe6957,interpersonal,4.0,5.0,5.0
670ffdb6896bad5ab5d6f894,interpersonal,6.0,5.0,5.0
6713edf459846149d7bcc948,interpersonal,5.0,2.0,4.0
6715013670bed7e4e955f109,interpersonal,3.0,2.0,2.0
67150a8c59846149d7bd00f2,interpersonal,4.0,2.0,5.0
671566748ec974a47ace455b,interpersonal,6.0,2.0,3.0
6718f7d06399295fc47821c0,interpersonal,2.0,3.0,4.0
671a5b8dfc53e73310491a62,interpersonal,3.0,2.0,5.0
67202234fd2f16cdb9c34721,interpersonal,6.0,4.0,4.0
67236d7fadd6365361bd7cc0,interpersonal,2.0,2.0,4.0
6727964977929019f6ff8a5d,interpersonal,0.0,,5.0
672b2e8321750551265ac390,interpersonal,5.0,3.0,5.0
672b8d3c37b9296c39c3f677,interpersonal,5.0,5.0,5.0
672c33aafed3be2f2a6ccfa0,interpersonal,4.0,4.0,5.0
672d027eb57569b5077e0cc4,interpersonal,6.0,4.0,5.0
672d2977ae54935ef84a2b74,interpersonal,4.0,6.0,5.0
672f38145bf80a772f4ac20a,interpersonal,6.0,3.0,5.0
67320610635afc65498583cb,interpersonal,6.0,6.0,4.0
6734acb87201d0735d63632c,interpersonal,2.0,4.0,4.0
6737d9fe76856492fd1603ef,interpersonal,3.0,4.0,5.0
6738a38d5b42ebdad45239a4,interpersonal,3.0,6.0,5.0
6738dae02c5a63be153fbe29,interpersonal,2.0,,4.0
673b5c1281eb82f767f4d71c,interpersonal,4.0,1.0,4.0
673bab950ce7fb673ff7eecc,interpersonal,4.0,4.0,4.0
673e1fe5947080d86c749aff,interpersonal,3.0,4.0,5.0
6740fd7385a9299cf29bdf96,interpersonal,5.0,5.0,5.0
6742f8bfd1cce3eadeee8c62,interpersonal,2.0,3.0,4.0
6744d50e3bd8711b57216cd2,interpersonal,4.0,4.0,5.0
67465c29233ddf0c2040ced8,interpersonal,6.0,6.0,5.0
6747536d88cb6d53b9bed191,interpersonal,5.0,4.0,4.0
6751467d0ef4bb17c804e4c0,interpersonal,5.0,4.0,4.0
675590f1eeef66188a85e1cd,interpersonal,3.0,4.0,4.0
67580f69a9a3cb759240904b,interpersonal,5.0,4.0,5.0
67591767ad41717a9710c4b8,interpersonal,4.0,3.0,4.0
6759718f66f6d338a0663100,interpersonal,1.0,6.0,4.0
675af02593fabc7398d6447e,interpersonal,4.0,,4.0
675e06422af6e9cb4bcbd459,interpersonal,4.0,6.0,4.0
675e8e92f5b7ffad57a265b1,interpersonal,5.0,1.0,3.0
67605cad2b91076c10846479,interpersonal,3.0,4.0,4.0
676060fef2955d6112c7e224,interpersonal,4.0,3.0,4.0
67609dc51817400f95f9db14,interpersonal,5.0,5.0,5.0
6760c6a23c7512b7ca3383d0,interpersonal,5.0,4.0,5.0
676288b65215f42b28a98b3f,interpersonal,5.0,5.0,4.0
67644c9e4a8508ec299135c5,interpersonal,4.0,6.0,5.0
67657ea1ad7558bf427f3a22,interpersonal,2.0,4.0,4.0
67687d94d5edc29f07de0176,interpersonal,5.0,,4.0
676d0d8ea1b34584f966c1f6,interpersonal,4.0,3.0,5.0
676d3ef7769d39d4537e67d4,interpersonal,5.0,4.0,5.0
676ee670250de1d8b3e57b03,interpersonal,2.0,,1.0
676fb072a0f80a990bd4cd32,interpersonal,3.0,4.0,4.0
67717e578f7fc3b6ff3c6ae8,interpersonal,5.0,5.0,5.0
677299ebbff623812504a11d,interpersonal,6.0,6.0,5.0
6772b66d08f724d93d1aab73,interpersonal,4.0,3.0,4.0
6772e1e5965ccca40d8cfba9,interpersonal,5.0,5.0,5.0
6773e8418b4496160ace9137,interpersonal,3.0,3.0,4.0
6775b6f1acaab15bb77f71af,interpersonal,2.0,4.0,5.0
677692c13cfeae70079e3caa,interpersonal,6.0,5.0,5.0
6777bc5eec85e7e2afa09d77,interpersonal,4.0,4.0,5.0
6777f8aafc72369e96bb6da6,interpersonal,3.0,2.0,4.0
6779cadff8dc4ddeecc54ce2,interpersonal,4.0,4.0,4.0
677a5d8e2115bfbb2fa0c73c,interpersonal,6.0,6.0,5.0
677be7f32b827fb2ae1eb7f0,interpersonal,2.0,3.0,4.0
677e74c8dd1dce11a8f96f88,interpersonal,5.0,6.0,5.0
678019571a2ac0496e597be5,interpersonal,2.0,0.0,4.0
6783379eb9fef4654886ead1,interpersonal,3.0,2.0,4.0
6788228f3fcc7c8b75b77522,interpersonal,3.0,6.0,5.0
67a688221058a62a9fa76a82,interpersonal,3.0,4.0,3.0
566feba6b937e400052d33b2,collaboration,4.0,3.0,5.0
56f699e876348f000c883bba,collaboration,2.0,,4.0
577a3dfd92c50c0001c9488f,collaboration,4.0,5.0,4.0
57b4a771cda70d0001534835,collaboration,2.0,3.0,3.0
57c357770e6a1f00015f6038,collaboration,4.0,6.0,4.0
57dd3b0e91b7fc0001493db9,collaboration,6.0,6.0,5.0
58d43fb77c08be0001c24830,collaboration,4.0,5.0,5.0
595d3afcdd044900012ce78a,collaboration,4.0,4.0,5.0
5962a5b29955ee00015bce98,collaboration,4.0,2.0,5.0
598f22af33481c000164d359,collaboration,5.0,4.0,4.0
599442e6bf8bcf0001ab6857,collaboration,4.0,1.0,5.0
5997043dbbe84800017964a7,collaboration,4.0,4.0,4.0
599ab130b5566b0001aa85bb,collaboration,2.0,4.0,5.0
599acb2f6c165e000113fc70,collaboration,2.0,6.0,5.0
59baa4f5178f1b00018289b2,collaboration,4.0,4.0,4.0
59d1f0fffaf42e00012b6c20,collaboration,2.0,5.0,5.0
59d3b07947f4e80001a6c551,collaboration,4.0,4.0,4.0
59dccd61e75b450001a689b7,collaboration,4.0,5.0,5.0
59e7232f24d7bf00012f112e,collaboration,3.0,2.0,3.0
59ef022eae9f950001d84a43,collaboration,6.0,4.0,5.0
5a57e4f7acc75b00017a2dcd,collaboration,2.0,4.0,4.0
5a75b131eea3d300016ddc70,collaboration,4.0,4.0,4.0
5a9c41f2dbdb470001eeef9c,collaboration,6.0,4.0,5.0
5a9c4b3d35237b000112a00e,collaboration,5.0,2.0,5.0
5aafd9eff69e940001d88bf4,collaboration,2.0,2.0,2.0
5b2bcfb51835660001cc6751,collaboration,3.0,5.0,5.0
5b2bd649ed66460001e86e39,collaboration,6.0,5.0,5.0
5b4a3ab1bc06c90001f902f4,collaboration,3.0,6.0,4.0
5bf53b3c87780800014ed5aa,collaboration,3.0,3.0,5.0
5c197c9c020cbb00011201fe,collaboration,4.0,5.0,5.0
5c37a0e7bef9a20001e3a497,collaboration,3.0,3.0,5.0
5c407a2c41b3f9000195e19f,collaboration,5.0,4.0,5.0
5c4602713d08e80001369876,collaboration,2.0,5.0,5.0
5c4a061161db8c00015e4fb0,collaboration,6.0,2.0,5.0
5c59e12429f64c0001cc6436,collaboration,2.0,2.0,3.0
5c5b66cb3312f1000112f694,collaboration,5.0,4.0,5.0
5c5d36bc034e280001644c3b,collaboration,3.0,3.0,3.0
5c5ff87f8c0552000109d7de,collaboration,3.0,4.0,4.0
5c72f9bf8711bf000139c5ee,collaboration,2.0,3.0,3.0
5cad1eef8ed53d00180d2532,collaboration,4.0,2.0,3.0
5cb87813635b940017c2037a,collaboration,6.0,2.0,5.0
5cc99062d918560016acf6ac,collaboration,4.0,3.0,4.0
5ce15b0ea7b516001828c646,collaboration,4.0,,4.0
5cedaba627d8ce00018469bb,collaboration,2.0,,2.0
5d02a158c8a372001abf3b30,collaboration,5.0,5.0,5.0
5d038adefda4bb00013f8afb,collaboration,4.0,5.0,5.0
5d0a5d36d41b4b00172c3cc9,collaboration,4.0,4.0,4.0
5d20c6d5b1e50a001c19e622,collaboration,2.0,4.0,3.0
5d3bfbebfd9694001a2d0f99,collaboration,6.0,4.0,5.0
5d6d729b679b200019c12498,collaboration,5.0,6.0,5.0
5db7203e98ecdf000ae8d504,collaboration,5.0,2.0,3.0
5dcfaad2dd9a740c2493fc28,collaboration,1.0,6.0,5.0
5e234e6d06121f5eceaba7f1,collaboration,6.0,0.0,4.0
5e4feb8037713502e9ed364b,collaboration,4.0,5.0,5.0
5e7d1c1e70dd753a081a29d9,collaboration,4.0,6.0,5.0
5e7e1679f8a96f4be83e51e4,collaboration,2.0,6.0,5.0
5e9086ca917d9039e3c4cd25,collaboration,6.0,4.0,5.0
5ecd61476e04500905a6eed2,collaboration,5.0,6.0,5.0
5f04dc9fb117c31680c1a4f5,collaboration,1.0,4.0,4.0
5f05ef4bd552bc0009e5566c,collaboration,3.0,2.0,5.0
5f0c86cbe4af1361b7158f3e,collaboration,4.0,4.0,5.0
5f11eb333c6e2c0df5b92270,collaboration,4.0,4.0,5.0
5f1beeacb55680420cfcae9e,collaboration,3.0,4.0,4.0
5f2f280854c3203084e218e5,collaboration,6.0,3.0,5.0
5f35222b79aaa5065c8919bd,collaboration,3.0,4.0,4.0
5f4fbebb8bb76c0c01881651,collaboration,4.0,3.0,4.0
5f514593ea1e87365b9cb05f,collaboration,4.0,4.0,3.0
5f653cb18aad310a9ee7c32d,collaboration,4.0,2.0,3.0
5f70576bb22a006197aea6de,collaboration,6.0,5.0,5.0
5fb8dc3c8e8e964121c6aa4c,collaboration,1.0,3.0,4.0
5fd4d10b2f970406fe63ad96,collaboration,5.0,5.0,5.0
5fef2fa9efea401f0b55a7c2,collaboration,4.0,3.0,4.0
6002ae1ea178912bfa128adf,collaboration,5.0,6.0,5.0
600c125c46cf802e41733705,collaboration,4.0,6.0,4.0
604a4755d62e5590404b5426,collaboration,4.0,4.0,4.0
604fa685e33606f9a0ee8189,collaboration,6.0,5.0,5.0
60537fdcda0ac05f1c59c57f,collaboration,0.0,2.0,5.0
605731872f40ec675cdf1f0b,collaboration,2.0,5.0,5.0
605a25c743f7ab91b0881ddf,collaboration,4.0,4.0,5.0
609510855d0c8e5bd0bdaf98,collaboration,5.0,4.0,5.0
609eda349f5d29975fbc2145,collaboration,2.0,4.0,5.0
60ae777b1f2abe681e903d0d,collaboration,4.0,2.0,4.0
60d3867b6e7529fc77032b54,collaboration,5.0,,4.0
60fae066c4ab91522a85f075,collaboration,3.0,3.0,4.0
6100105892a2248ae5d48498,collaboration,5.0,2.0,4.0
6107b81f125c20be9e368b49,collaboration,6.0,5.0,5.0
61166b2cec63d8ea49e36aac,collaboration,5.0,6.0,5.0
61333ed3b980f519ee86c45c,collaboration,4.0,4.0,4.0
61572b39d8a0be3869ccd5ae,collaboration,5.0,6.0,5.0
616c83fb9916289f401fb837,collaboration,4.0,5.0,5.0
6234905bd877b34677aaa521,collaboration,4.0,2.0,3.0
62a76cb3209f192d4ac62bec,collaboration,6.0,2.0,5.0
62ac24c9af89f1f28aea1d11,collaboration,6.0,4.0,5.0
62c5ebe612c40c7e32390bf6,collaboration,3.0,5.0,4.0
62e3f7b224ec70641fd86b7b,collaboration,4.0,3.0,5.0
62fbd2e4a303a0c6ff0874b1,collaboration,2.0,4.0,5.0
63469da3cef76cc5b3523b97,collaboration,6.0,4.0,5.0
6346e117e4e283094ff51b84,collaboration,1.0,2.0,4.0
638e2eed82fa613f2140ba13,collaboration,6.0,,5.0
6394a8f1f510b07aeaf465e0,collaboration,6.0,4.0,4.0
6399d599c9d83e0ed0317ea2,collaboration,4.0,3.0,4.0
63e57ca5d6e126546cfc66bf,collaboration,4.0,5.0,5.0
63f85b1c3124fd03faff2126,collaboration,4.0,,5.0
640485331e13a7bfa4a43d46,collaboration,4.0,3.0,5.0
6441204e8a1c0c51415ce0f8,collaboration,5.0,3.0,4.0
6441795624090301ddeba81e,collaboration,3.0,3.0,3.0
6447cf4c43802edcd6b846bc,collaboration,6.0,6.0,5.0
64784f5998230a548cb9cc60,collaboration,5.0,4.0,5.0
648028bc524faa07ef0547eb,collaboration,3.0,2.0,4.0
6501b7fd7c5faeb580b81204,collaboration,3.0,4.0,5.0
65030c046782881e902a5aaa,collaboration,4.0,4.0,5.0
650ae1b2157df341fd193714,collaboration,6.0,6.0,5.0
65456ebc819cdd5600552571,collaboration,4.0,4.0,5.0
6559e8fcb4e07db3db4e2165,collaboration,3.0,3.0,3.0
656f3c80f7ac5f41e230b9ee,collaboration,4.0,4.0,5.0
6570824312e21ad0a49858f4,collaboration,2.0,,3.0
657b2d22191dda04598ef38b,collaboration,3.0,6.0,5.0
65ff48ba8866040c0d0649c5,collaboration,2.0,2.0,3.0
66084cde8c8b94db6ce51ac9,collaboration,2.0,0.0,4.0
660ed790b7c0b8649c41f432,collaboration,4.0,5.0,5.0
6630f6bfbdc7906ef7c0ee24,collaboration,2.0,3.0,4.0
66338f4346e84e4f0469bc21,collaboration,2.0,5.0,4.0
663a28078139647b4663d09f,collaboration,4.0,4.0,4.0
664b530d4cf8b88b68548a11,collaboration,2.0,,1.0
6658b161dc9f95822cbcf443,collaboration,5.0,,5.0
6658b52898569e477b21cf41,collaboration,4.0,4.0,5.0
6658c369bc36ded0ffe472b8,collaboration,4.0,3.0,4.0
6658c6e6298aedbc9b7ac19c,collaboration,2.0,,3.0
6658d13e8f1ee667f426421c,collaboration,6.0,5.0,5.0
6658d9826d4ec610f1b0cc33,collaboration,6.0,3.0,5.0
6659b0c46a1675f2d40e2586,collaboration,5.0,4.0,5.0
6659f89651bdadba584e647c,collaboration,6.0,6.0,5.0
665bae8786e39a9d3071ef7c,collaboration,4.0,4.0,5.0
665e0faa748512c88de27385,collaboration,4.0,4.0,5.0
665fa30eccda55b454554d95,collaboration,6.0,5.0,5.0
6671adcf4074ec7382ad560e,collaboration,5.0,,4.0
6676e7538c7c4c68e18aa31a,collaboration,6.0,5.0,5.0
66774233add67a4a8e71398e,collaboration,3.0,5.0,5.0
6679886309dd90c237d80e5d,collaboration,5.0,3.0,5.0
667ac4dcd237965bb30cb0d0,collaboration,4.0,4.0,5.0
6682935831ecbb91041102e5,collaboration,3.0,4.0,5.0
6683b0f95482b81b9714b57c,collaboration,5.0,,5.0
66847cc7c67232fae11af5b3,collaboration,4.0,2.0,4.0
668c39cf43ce2932522f9d37,collaboration,6.0,5.0,5.0
668d371bd614f22c3433ea48,collaboration,2.0,4.0,4.0
668fa82eb6aad7177cb29ba0,collaboration,6.0,5.0,5.0
669038b13e852687aaf4a1cb,collaboration,3.0,3.0,4.0
66912ce354d84162615be8ba,collaboration,3.0,4.0,4.0
66924f3f720e8dcc562ef6fd,collaboration,5.0,6.0,4.0
66958ca9d7179281d46faf5d,collaboration,3.0,,4.0
6697864e364c6864275e4a17,collaboration,5.0,4.0,5.0
669d7d04ec742963733a5b35,collaboration,4.0,3.0,3.0
66a15c42533255e95d1d34a1,collaboration,4.0,6.0,5.0
66a63fbb0a4f33f35327ed8b,collaboration,4.0,3.0,5.0
66aa8dcfbc121dcef0433ecf,collaboration,4.0,4.0,5.0
66b0829f976a969235a5ca75,collaboration,5.0,,5.0
66ba62aba868595bbef88f10,collaboration,3.0,6.0,4.0
66c5e698d9527f93c31cab42,collaboration,6.0,3.0,5.0
66c746f450506abe4d80b5e1,collaboration,4.0,2.0,4.0
66cf306107ad4fcf4bef6f2f,collaboration,5.0,,5.0
66d05ce2ebc84bef33af3a06,collaboration,4.0,4.0,5.0
66d9a01e46a5112c3146c2bd,collaboration,4.0,6.0,5.0
66df649422e557253882cee8,collaboration,5.0,6.0,5.0
66edea9d406f629b67ce30b8,collaboration,1.0,2.0,3.0
66f1aeb024eaa71730ee0d8f,collaboration,4.0,3.0,5.0
66fd3f6c93c24ecc119be354,collaboration,2.0,5.0,4.0
670939463679b3968927066e,collaboration,2.0,4.0,4.0
6709725953883fa2a8fe6957,collaboration,5.0,5.0,5.0
670ffdb6896bad5ab5d6f894,collaboration,6.0,5.0,5.0
6713edf459846149d7bcc948,collaboration,4.0,3.0,4.0
6715013670bed7e4e955f109,collaboration,2.0,1.0,2.0
67150a8c59846149d7bd00f2,collaboration,3.0,2.0,5.0
671566748ec974a47ace455b,collaboration,6.0,2.0,3.0
6718f7d06399295fc47821c0,collaboration,2.0,4.0,4.0
671a5b8dfc53e73310491a62,collaboration,3.0,2.0,5.0
67202234fd2f16cdb9c34721,collaboration,4.0,4.0,4.0
67236d7fadd6365361bd7cc0,collaboration,4.0,3.0,4.0
6727964977929019f6ff8a5d,collaboration,0.0,,5.0
672b2e8321750551265ac390,collaboration,6.0,3.0,5.0
672b8d3c37b9296c39c3f677,collaboration,5.0,5.0,5.0
672c33aafed3be2f2a6ccfa0,collaboration,5.0,5.0,5.0
672d027eb57569b5077e0cc4,collaboration,6.0,6.0,5.0
672d2977ae54935ef84a2b74,collaboration,4.0,6.0,5.0
672f38145bf80a772f4ac20a,collaboration,6.0,4.0,5.0
67320610635afc65498583cb,collaboration,6.0,6.0,4.0
6734acb87201d0735d63632c,collaboration,3.0,4.0,4.0
6737d9fe76856492fd1603ef,collaboration,3.0,5.0,5.0
6738a38d5b42ebdad45239a4,collaboration,3.0,5.0,5.0
6738dae02c5a63be153fbe29,collaboration,1.0,,4.0
673b5c1281eb82f767f4d71c,collaboration,4.0,1.0,4.0
673bab950ce7fb673ff7eecc,collaboration,3.0,6.0,4.0
673e1fe5947080d86c749aff,collaboration,4.0,3.0,5.0
6740fd7385a9299cf29bdf96,collaboration,6.0,6.0,5.0
6742f8bfd1cce3eadeee8c62,collaboration,4.0,3.0,4.0
6744d50e3bd8711b57216cd2,collaboration,5.0,4.0,5.0
67465c29233ddf0c2040ced8,collaboration,6.0,6.0,5.0
6747536d88cb6d53b9bed191,collaboration,4.0,4.0,4.0
6751467d0ef4bb17c804e4c0,collaboration,6.0,4.0,4.0
675590f1eeef66188a85e1cd,collaboration,4.0,6.0,4.0
67580f69a9a3cb759240904b,collaboration,3.0,6.0,5.0
67591767ad41717a9710c4b8,collaboration,4.0,4.0,4.0
6759718f66f6d338a0663100,collaboration,3.0,6.0,4.0
675af02593fabc7398d6447e,collaboration,4.0,,4.0
675e06422af6e9cb4bcbd459,collaboration,4.0,3.0,4.0
675e8e92f5b7ffad57a265b1,collaboration,4.0,2.0,2.0
67605cad2b91076c10846479,collaboration,3.0,4.0,4.0
676060fef2955d6112c7e224,collaboration,4.0,2.0,4.0
67609dc51817400f95f9db14,collaboration,5.0,6.0,5.0
6760c6a23c7512b7ca3383d0,collaboration,5.0,4.0,5.0
676288b65215f42b28a98b3f,collaboration,5.0,5.0,4.0
67644c9e4a8508ec299135c5,collaboration,4.0,5.0,5.0
67657ea1ad7558bf427f3a22,collaboration,2.0,4.0,4.0
67687d94d5edc29f07de0176,collaboration,1.0,,4.0
676d0d8ea1b34584f966c1f6,collaboration,2.0,2.0,5.0
676d3ef7769d39d4537e67d4,collaboration,5.0,4.0,5.0
676ee670250de1d8b3e57b03,collaboration,2.0,,3.0
676fb072a0f80a990bd4cd32,collaboration,4.0,4.0,4.0
67717e578f7fc3b6ff3c6ae8,collaboration,6.0,6.0,5.0
677299ebbff623812504a11d,collaboration,6.0,6.0,5.0
6772b66d08f724d93d1aab73,collaboration,4.0,3.0,5.0
6772e1e5965ccca40d8cfba9,collaboration,5.0,5.0,5.0
6773e8418b4496160ace9137,collaboration,3.0,3.0,4.0
6775b6f1acaab15bb77f71af,collaboration,3.0,4.0,5.0
677692c13cfeae70079e3caa,collaboration,6.0,6.0,5.0
6777bc5eec85e7e2afa09d77,collaboration,5.0,4.0,5.0
6777f8aafc72369e96bb6da6,collaboration,3.0,2.0,4.0
6779cadff8dc4ddeecc54ce2,collaboration,3.0,4.0,4.0
677a5d8e2115bfbb2fa0c73c,collaboration,6.0,6.0,5.0
677be7f32b827fb2ae1eb7f0,collaboration,2.0,2.0,4.0
677e74c8dd1dce11a8f96f88,collaboration,3.0,6.0,5.0
678019571a2ac0496e597be5,collaboration,2.0,2.0,4.0
6783379eb9fef4654886ead1,collaboration,3.0,2.0,3.0
6788228f3fcc7c8b75b77522,collaboration,3.0,6.0,5.0
67a688221058a62a9fa76a82,collaboration,3.0,4.0,3.0
566feba6b937e400052d33b2,pacing,4.0,2.0,5.0
56f699e876348f000c883bba,pacing,2.0,,4.0
577a3dfd92c50c0001c9488f,pacing,5.0,4.0,4.0
57b4a771cda70d0001534835,pacing,3.0,2.0,3.0
57c357770e6a1f00015f6038,pacing,2.0,6.0,4.0
57dd3b0e91b7fc0001493db9,pacing,6.0,6.0,5.0
58d43fb77c08be0001c24830,pacing,4.0,6.0,5.0
595d3afcdd044900012ce78a,pacing,6.0,2.0,5.0
5962a5b29955ee00015bce98,pacing,2.0,2.0,5.0
598f22af33481c000164d359,pacing,6.0,5.0,4.0
599442e6bf8bcf0001ab6857,pacing,3.0,3.0,5.0
5997043dbbe84800017964a7,pacing,4.0,4.0,4.0
599ab130b5566b0001aa85bb,pacing,4.0,6.0,5.0
599acb2f6c165e000113fc70,pacing,4.0,4.0,5.0
59baa4f5178f1b00018289b2,pacing,3.0,4.0,4.0
59d1f0fffaf42e00012b6c20,pacing,3.0,6.0,5.0
59d3b07947f4e80001a6c551,pacing,4.0,5.0,4.0
59dccd61e75b450001a689b7,pacing,5.0,5.0,5.0
59e7232f24d7bf00012f112e,pacing,2.0,1.0,3.0
59ef022eae9f950001d84a43,pacing,6.0,4.0,5.0
5a57e4f7acc75b00017a2dcd,pacing,2.0,3.0,4.0
5a75b131eea3d300016ddc70,pacing,2.0,4.0,4.0
5a9c41f2dbdb470001eeef9c,pacing,6.0,3.0,5.0
5a9c4b3d35237b000112a00e,pacing,5.0,4.0,5.0
5aafd9eff69e940001d88bf4,pacing,1.0,2.0,2.0
5b2bcfb51835660001cc6751,pacing,2.0,5.0,5.0
5b2bd649ed66460001e86e39,pacing,4.0,5.0,5.0
5b4a3ab1bc06c90001f902f4,pacing,3.0,5.0,4.0
5bf53b3c87780800014ed5aa,pacing,2.0,3.0,5.0
5c197c9c020cbb00011201fe,pacing,2.0,6.0,5.0
5c37a0e7bef9a20001e3a497,pacing,5.0,3.0,5.0
5c407a2c41b3f9000195e19f,pacing,6.0,4.0,5.0
5c4602713d08e80001369876,pacing,4.0,5.0,5.0
5c4a061161db8c00015e4fb0,pacing,6.0,3.0,5.0
5c59e12429f64c0001cc6436,pacing,2.0,1.0,3.0
5c5b66cb3312f1000112f694,pacing,5.0,5.0,5.0
5c5d36bc034e280001644c3b,pacing,2.0,3.0,3.0
5c5ff87f8c0552000109d7de,pacing,3.0,2.0,4.0
5c72f9bf8711bf000139c5ee,pacing,2.0,3.0,3.0
5cad1eef8ed53d00180d2532,pacing,2.0,2.0,2.0
5cb87813635b940017c2037a,pacing,6.0,2.0,5.0
5cc99062d918560016acf6ac,pacing,4.0,4.0,4.0
5ce15b0ea7b516001828c646,pacing,3.0,,4.0
5cedaba627d8ce00018469bb,pacing,2.0,,2.0
5d02a158c8a372001abf3b30,pacing,3.0,6.0,5.0
5d038adefda4bb00013f8afb,pacing,4.0,5.0,5.0
5d0a5d36d41b4b00172c3cc9,pacing,5.0,5.0,5.0
5d20c6d5b1e50a001c19e622,pacing,2.0,2.0,3.0
5d3bfbebfd9694001a2d0f99,pacing,3.0,2.0,5.0
5d6d729b679b200019c12498,pacing,5.0,6.0,5.0
5db7203e98ecdf000ae8d504,pacing,4.0,1.0,3.0
5dcfaad2dd9a740c2493fc28,pacing,0.0,5.0,5.0
5e234e6d06121f5eceaba7f1,pacing,4.0,0.0,4.0
5e4feb8037713502e9ed364b,pacing,3.0,5.0,5.0
5e7d1c1e70dd753a081a29d9,pacing,4.0,6.0,5.0
5e7e1679f8a96f4be83e51e4,pacing,3.0,6.0,5.0
5e9086ca917d9039e3c4cd25,pacing,6.0,6.0,5.0
5ecd61476e04500905a6eed2,pacing,6.0,6.0,5.0
5f04dc9fb117c31680c1a4f5,pacing,3.0,2.0,4.0
5f05ef4bd552bc0009e5566c,pacing,2.0,3.0,5.0
5f0c86cbe4af1361b7158f3e,pacing,4.0,6.0,5.0
5f11eb333c6e2c0df5b92270,pacing,4.0,3.0,5.0
5f1beeacb55680420cfcae9e,pacing,2.0,5.0,4.0
5f2f280854c3203084e218e5,pacing,6.0,3.0,5.0
5f35222b79aaa5065c8919bd,pacing,3.0,3.0,4.0
5f4fbebb8bb76c0c01881651,pacing,2.0,3.0,4.0
5f514593ea1e87365b9cb05f,pacing,4.0,3.0,3.0
5f653cb18aad310a9ee7c32d,pacing,4.0,2.0,3.0
5f70576bb22a006197aea6de,pacing,6.0,6.0,5.0
5fb8dc3c8e8e964121c6aa4c,pacing,3.0,2.0,4.0
5fd4d10b2f970406fe63ad96,pacing,4.0,5.0,5.0
5fef2fa9efea401f0b55a7c2,pacing,2.0,3.0,4.0
6002ae1ea178912bfa128adf,pacing,5.0,4.0,5.0
600c125c46cf802e41733705,pacing,4.0,4.0,4.0
604a4755d62e5590404b5426,pacing,4.0,3.0,4.0
604fa685e33606f9a0ee8189,pacing,6.0,6.0,5.0
60537fdcda0ac05f1c59c57f,pacing,1.0,2.0,5.0
605731872f40ec675cdf1f0b,pacing,2.0,6.0,5.0
605a25c743f7ab91b0881ddf,pacing,4.0,4.0,5.0
609510855d0c8e5bd0bdaf98,pacing,5.0,6.0,5.0
609eda349f5d29975fbc2145,pacing,2.0,4.0,5.0
60ae777b1f2abe681e903d0d,pacing,6.0,2.0,4.0
60d3867b6e7529fc77032b54,pacing,5.0,,6.0
60fae066c4ab91522a85f075,pacing,4.0,3.0,4.0
6100105892a2248ae5d48498,pacing,3.0,2.0,4.0
6107b81f125c20be9e368b49,pacing,5.0,6.0,5.0
61166b2cec63d8ea49e36aac,pacing,5.0,5.0,5.0
61333ed3b980f519ee86c45c,pacing,2.0,4.0,4.0
61572b39d8a0be3869ccd5ae,pacing,5.0,5.0,5.0
616c83fb9916289f401fb837,pacing,6.0,5.0,5.0
6234905bd877b34677aaa521,pacing,4.0,2.0,3.0
62a76cb3209f192d4ac62bec,pacing,6.0,2.0,5.0
62ac24c9af89f1f28aea1d11,pacing,6.0,6.0,5.0
62c5ebe612c40c7e32390bf6,pacing,3.0,4.0,4.0
62e3f7b224ec70641fd86b7b,pacing,5.0,3.0,5.0
62fbd2e4a303a0c6ff0874b1,pacing,4.0,3.0,5.0
63469da3cef76cc5b3523b97,pacing,4.0,4.0,5.0
6346e117e4e283094ff51b84,pacing,1.0,2.0,4.0
638e2eed82fa613f2140ba13,pacing,4.0,,5.0
6394a8f1f510b07aeaf465e0,pacing,5.0,5.0,4.0
6399d599c9d83e0ed0317ea2,pacing,3.0,2.0,4.0
63e57ca5d6e126546cfc66bf,pacing,4.0,4.0,5.0
63f85b1c3124fd03faff2126,pacing,3.0,,5.0
640485331e13a7bfa4a43d46,pacing,4.0,2.0,5.0
6441204e8a1c0c51415ce0f8,pacing,5.0,1.0,4.0
6441795624090301ddeba81e,pacing,2.0,2.0,3.0
6447cf4c43802edcd6b846bc,pacing,6.0,4.0,5.0
64784f5998230a548cb9cc60,pacing,6.0,5.0,5.0
648028bc524faa07ef0547eb,pacing,4.0,2.0,4.0
6501b7fd7c5faeb580b81204,pacing,3.0,4.0,5.0
65030c046782881e902a5aaa,pacing,5.0,5.0,5.0
650ae1b2157df341fd193714,pacing,6.0,4.0,5.0
65456ebc819cdd5600552571,pacing,4.0,6.0,5.0
6559e8fcb4e07db3db4e2165,pacing,2.0,4.0,3.0
656f3c80f7ac5f41e230b9ee,pacing,3.0,4.0,5.0
6570824312e21ad0a49858f4,pacing,2.0,,3.0
657b2d22191dda04598ef38b,pacing,3.0,6.0,5.0
65ff48ba8866040c0d0649c5,pacing,3.0,2.0,3.0
66084cde8c8b94db6ce51ac9,pacing,1.0,2.0,4.0
660ed790b7c0b8649c41f432,pacing,5.0,4.0,5.0
6630f6bfbdc7906ef7c0ee24,pacing,2.0,2.0,4.0
66338f4346e84e4f0469bc21,pacing,2.0,5.0,4.0
663a28078139647b4663d09f,pacing,4.0,3.0,4.0
664b530d4cf8b88b68548a11,pacing,1.0,,1.0
6658b161dc9f95822cbcf443,pacing,6.0,,7.0
6658b52898569e477b21cf41,pacing,3.0,6.0,5.0
6658c369bc36ded0ffe472b8,pacing,3.0,2.0,4.0
6658c6e6298aedbc9b7ac19c,pacing,4.0,,4.0
6658d13e8f1ee667f426421c,pacing,6.0,5.0,5.0
6658d9826d4ec610f1b0cc33,pacing,4.0,4.0,5.0
6659b0c46a1675f2d40e2586,pacing,4.0,5.0,5.0
6659f89651bdadba584e647c,pacing,5.0,2.0,5.0
665bae8786e39a9d3071ef7c,pacing,4.0,3.0,5.0
665e0faa748512c88de27385,pacing,6.0,4.0,5.0
665fa30eccda55b454554d95,pacing,6.0,6.0,5.0
6671adcf4074ec7382ad560e,pacing,4.0,,4.0
6676e7538c7c4c68e18aa31a,pacing,6.0,5.0,5.0
66774233add67a4a8e71398e,pacing,2.0,5.0,5.0
6679886309dd90c237d80e5d,pacing,5.0,3.0,5.0
667ac4dcd237965bb30cb0d0,pacing,4.0,5.0,5.0
6682935831ecbb91041102e5,pacing,4.0,4.0,5.0
6683b0f95482b81b9714b57c,pacing,5.0,,5.0
66847cc7c67232fae11af5b3,pacing,3.0,2.0,4.0
668c39cf43ce2932522f9d37,pacing,6.0,4.0,5.0
668d371bd614f22c3433ea48,pacing,4.0,3.0,4.0
668fa82eb6aad7177cb29ba0,pacing,5.0,5.0,5.0
669038b13e852687aaf4a1cb,pacing,2.0,3.0,4.0
66912ce354d84162615be8ba,pacing,4.0,2.0,4.0
66924f3f720e8dcc562ef6fd,pacing,4.0,6.0,4.0
66958ca9d7179281d46faf5d,pacing,2.0,,2.0
6697864e364c6864275e4a17,pacing,5.0,4.0,5.0
669d7d04ec742963733a5b35,pacing,4.0,2.0,3.0
66a15c42533255e95d1d34a1,pacing,5.0,4.0,5.0
66a63fbb0a4f33f35327ed8b,pacing,4.0,3.0,5.0
66aa8dcfbc121dcef0433ecf,pacing,6.0,4.0,5.0
66b0829f976a969235a5ca75,pacing,6.0,,5.0
66ba62aba868595bbef88f10,pacing,4.0,5.0,4.0
66c5e698d9527f93c31cab42,pacing,5.0,4.0,5.0
66c746f450506abe4d80b5e1,pacing,4.0,2.0,5.0
66cf306107ad4fcf4bef6f2f,pacing,3.0,,5.0
66d05ce2ebc84bef33af3a06,pacing,4.0,3.0,5.0
66d9a01e46a5112c3146c2bd,pacing,4.0,6.0,5.0
66df649422e557253882cee8,pacing,6.0,6.0,5.0
66edea9d406f629b67ce30b8,pacing,2.0,1.0,3.0
66f1aeb024eaa71730ee0d8f,pacing,5.0,4.0,5.0
66fd3f6c93c24ecc119be354,pacing,5.0,6.0,4.0
670939463679b3968927066e,pacing,4.0,4.0,4.0
6709725953883fa2a8fe6957,pacing,5.0,5.0,5.0
670ffdb6896bad5ab5d6f894,pacing,6.0,6.0,5.0
6713edf459846149d7bcc948,pacing,4.0,2.0,4.0
6715013670bed7e4e955f109,pacing,0.0,1.0,2.0
67150a8c59846149d7bd00f2,pacing,2.0,2.0,5.0
671566748ec974a47ace455b,pacing,6.0,2.0,3.0
6718f7d06399295fc47821c0,pacing,2.0,2.0,4.0
671a5b8dfc53e73310491a62,pacing,2.0,2.0,5.0
67202234fd2f16cdb9c34721,pacing,3.0,4.0,4.0
67236d7fadd6365361bd7cc0,pacing,3.0,4.0,4.0
6727964977929019f6ff8a5d,pacing,0.0,,5.0
672b2e8321750551265ac390,pacing,5.0,3.0,5.0
672b8d3c37b9296c39c3f677,pacing,5.0,5.0,5.0
672c33aafed3be2f2a6ccfa0,pacing,5.0,5.0,5.0
672d027eb57569b5077e0cc4,pacing,6.0,4.0,5.0
672d2977ae54935ef84a2b74,pacing,2.0,6.0,5.0
672f38145bf80a772f4ac20a,pacing,6.0,4.0,5.0
67320610635afc65498583cb,pacing,6.0,6.0,4.0
6734acb87201d0735d63632c,pacing,2.0,4.0,4.0
6737d9fe76856492fd1603ef,pacing,2.0,5.0,5.0
6738a38d5b42ebdad45239a4,pacing,4.0,6.0,5.0
6738dae02c5a63be153fbe29,pacing,2.0,,4.0
673b5c1281eb82f767f4d71c,pacing,4.0,2.0,4.0
673bab950ce7fb673ff7eecc,pacing,4.0,6.0,4.0
673e1fe5947080d86c749aff,pacing,4.0,2.0,5.0
6740fd7385a9299cf29bdf96,pacing,6.0,6.0,5.0
6742f8bfd1cce3eadeee8c62,pacing,4.0,4.0,4.0
6744d50e3bd8711b57216cd2,pacing,6.0,4.0,5.0
67465c29233ddf0c2040ced8,pacing,5.0,6.0,5.0
6747536d88cb6d53b9bed191,pacing,4.0,4.0,4.0
6751467d0ef4bb17c804e4c0,pacing,5.0,4.0,4.0
675590f1eeef66188a85e1cd,pacing,3.0,2.0,4.0
67580f69a9a3cb759240904b,pacing,5.0,6.0,4.0
67591767ad41717a9710c4b8,pacing,4.0,4.0,4.0
6759718f66f6d338a0663100,pacing,2.0,3.0,4.0
675af02593fabc7398d6447e,pacing,4.0,,4.0
675e06422af6e9cb4bcbd459,pacing,4.0,4.0,3.0
675e8e92f5b7ffad57a265b1,pacing,2.0,0.0,2.0
67605cad2b91076c10846479,pacing,2.0,4.0,4.0
676060fef2955d6112c7e224,pacing,4.0,1.0,4.0
67609dc51817400f95f9db14,pacing,5.0,5.0,5.0
6760c6a23c7512b7ca3383d0,pacing,5.0,3.0,5.0
676288b65215f42b28a98b3f,pacing,5.0,4.0,4.0
67644c9e4a8508ec299135c5,pacing,6.0,6.0,5.0
67657ea1ad7558bf427f3a22,pacing,2.0,4.0,4.0
67687d94d5edc29f07de0176,pacing,3.0,,4.0
676d0d8ea1b34584f966c1f6,pacing,4.0,4.0,5.0
676d3ef7769d39d4537e67d4,pacing,6.0,4.0,5.0
676ee670250de1d8b3e57b03,pacing,2.0,,2.0
676fb072a0f80a990bd4cd32,pacing,3.0,3.0,5.0
67717e578f7fc3b6ff3c6ae8,pacing,6.0,6.0,5.0
677299ebbff623812504a11d,pacing,6.0,5.0,5.0
6772b66d08f724d93d1aab73,pacing,3.0,3.0,5.0
6772e1e5965ccca40d8cfba9,pacing,6.0,5.0,5.0
6773e8418b4496160ace9137,pacing,3.0,5.0,4.0
6775b6f1acaab15bb77f71af,pacing,2.0,4.0,5.0
677692c13cfeae70079e3caa,pacing,6.0,6.0,5.0
6777bc5eec85e7e2afa09d77,pacing,4.0,3.0,5.0
6777f8aafc72369e96bb6da6,pacing,3.0,2.0,4.0
6779cadff8dc4ddeecc54ce2,pacing,2.0,3.0,4.0
677a5d8e2115bfbb2fa0c73c,pacing,6.0,6.0,5.0
677be7f32b827fb2ae1eb7f0,pacing,3.0,2.0,3.0
677e74c8dd1dce11a8f96f88,pacing,4.0,5.0,5.0
678019571a2ac0496e597be5,pacing,2.0,2.0,4.0
6783379eb9fef4654886ead1,pacing,2.0,2.0,3.0
6788228f3fcc7c8b75b77522,pacing,4.0,6.0,5.0
67a688221058a62a9fa76a82,pacing,2.0,0.0,3.0
566feba6b937e400052d33b2,discovery,4.0,2.0,5.0
56f699e876348f000c883bba,discovery,3.0,,4.0
577a3dfd92c50c0001c9488f,discovery,3.0,5.0,4.0
57b4a771cda70d0001534835,discovery,3.0,2.0,3.0
57c357770e6a1f00015f6038,discovery,3.0,5.0,4.0
57dd3b0e91b7fc0001493db9,discovery,6.0,4.0,5.0
58d43fb77c08be0001c24830,discovery,2.0,4.0,5.0
595d3afcdd044900012ce78a,discovery,4.0,3.0,5.0
5962a5b29955ee00015bce98,discovery,4.0,3.0,4.0
598f22af33481c000164d359,discovery,5.0,4.0,4.0
599442e6bf8bcf0001ab6857,discovery,3.0,1.0,5.0
5997043dbbe84800017964a7,discovery,5.0,3.0,4.0
599ab130b5566b0001aa85bb,discovery,2.0,2.0,4.0
599acb2f6c165e000113fc70,discovery,2.0,6.0,5.0
59baa4f5178f1b00018289b2,discovery,4.0,4.0,4.0
59d1f0fffaf42e00012b6c20,discovery,3.0,5.0,5.0
59d3b07947f4e80001a6c551,discovery,2.0,3.0,4.0
59dccd61e75b450001a689b7,discovery,1.0,3.0,5.0
59e7232f24d7bf00012f112e,discovery,3.0,0.0,2.0
59ef022eae9f950001d84a43,discovery,6.0,2.0,5.0
5a57e4f7acc75b00017a2dcd,discovery,2.0,2.0,4.0
5a75b131eea3d300016ddc70,discovery,4.0,4.0,4.0
5a9c41f2dbdb470001eeef9c,discovery,6.0,4.0,4.0
5a9c4b3d35237b000112a00e,discovery,4.0,2.0,5.0
5aafd9eff69e940001d88bf4,discovery,1.0,0.0,2.0
5b2bcfb51835660001cc6751,discovery,2.0,5.0,4.0
5b2bd649ed66460001e86e39,discovery,6.0,5.0,5.0
5b4a3ab1bc06c90001f902f4,discovery,2.0,5.0,4.0
5bf53b3c87780800014ed5aa,discovery,3.0,4.0,4.0
5c197c9c020cbb00011201fe,discovery,3.0,5.0,5.0
5c37a0e7bef9a20001e3a497,discovery,4.0,2.0,5.0
5c407a2c41b3f9000195e19f,discovery,5.0,4.0,5.0
5c4602713d08e80001369876,discovery,2.0,4.0,5.0
5c4a061161db8c00015e4fb0,discovery,5.0,3.0,5.0
5c59e12429f64c0001cc6436,discovery,2.0,0.0,3.0
5c5b66cb3312f1000112f694,discovery,4.0,5.0,5.0
5c5d36bc034e280001644c3b,discovery,2.0,3.0,3.0
5c5ff87f8c0552000109d7de,discovery,3.0,3.0,4.0
5c72f9bf8711bf000139c5ee,discovery,2.0,2.0,3.0
5cad1eef8ed53d00180d2532,discovery,3.0,2.0,3.0
5cb87813635b940017c2037a,discovery,5.0,1.0,5.0
5cc99062d918560016acf6ac,discovery,4.0,0.0,4.0
5ce15b0ea7b516001828c646,discovery,4.0,,4.0
5cedaba627d8ce00018469bb,discovery,2.0,,2.0
5d02a158c8a372001abf3b30,discovery,1.0,6.0,5.0
5d038adefda4bb00013f8afb,discovery,4.0,5.0,5.0
5d0a5d36d41b4b00172c3cc9,discovery,4.0,4.0,4.0
5d20c6d5b1e50a001c19e622,discovery,1.0,2.0,3.0
5d3bfbebfd9694001a2d0f99,discovery,4.0,4.0,4.0
5d6d729b679b200019c12498,discovery,4.0,5.0,5.0
5db7203e98ecdf000ae8d504,discovery,3.0,2.0,3.0
5dcfaad2dd9a740c2493fc28,discovery,0.0,6.0,5.0
5e234e6d06121f5eceaba7f1,discovery,4.0,0.0,4.0
5e4feb8037713502e9ed364b,discovery,3.0,4.0,5.0
5e7d1c1e70dd753a081a29d9,discovery,3.0,6.0,5.0
5e7e1679f8a96f4be83e51e4,discovery,2.0,6.0,4.0
5e9086ca917d9039e3c4cd25,discovery,6.0,4.0,5.0
5ecd61476e04500905a6eed2,discovery,4.0,5.0,5.0
5f04dc9fb117c31680c1a4f5,discovery,4.0,4.0,4.0
5f05ef4bd552bc0009e5566c,discovery,2.0,2.0,4.0
5f0c86cbe4af1361b7158f3e,discovery,3.0,5.0,5.0
5f11eb333c6e2c0df5b92270,discovery,4.0,4.0,5.0
5f1beeacb55680420cfcae9e,discovery,2.0,2.0,4.0
5f2f280854c3203084e218e5,discovery,6.0,4.0,5.0
5f35222b79aaa5065c8919bd,discovery,3.0,4.0,4.0
5f4fbebb8bb76c0c01881651,discovery,1.0,2.0,4.0
5f514593ea1e87365b9cb05f,discovery,4.0,2.0,3.0
5f653cb18aad310a9ee7c32d,discovery,4.0,1.0,3.0
5f70576bb22a006197aea6de,discovery,6.0,5.0,5.0
5fb8dc3c8e8e964121c6aa4c,discovery,2.0,2.0,4.0
5fd4d10b2f970406fe63ad96,discovery,5.0,4.0,5.0
5fef2fa9efea401f0b55a7c2,discovery,2.0,3.0,4.0
6002ae1ea178912bfa128adf,discovery,5.0,4.0,5.0
600c125c46cf802e41733705,discovery,3.0,5.0,4.0
604a4755d62e5590404b5426,discovery,3.0,4.0,4.0
604fa685e33606f9a0ee8189,discovery,5.0,6.0,5.0
60537fdcda0ac05f1c59c57f,discovery,2.0,3.0,4.0
605731872f40ec675cdf1f0b,discovery,4.0,6.0,5.0
605a25c743f7ab91b0881ddf,discovery,4.0,4.0,5.0
609510855d0c8e5bd0bdaf98,discovery,4.0,4.0,5.0
609eda349f5d29975fbc2145,discovery,2.0,3.0,5.0
60ae777b1f2abe681e903d0d,discovery,2.0,3.0,4.0
60d3867b6e7529fc77032b54,discovery,4.0,,3.0
60fae066c4ab91522a85f075,discovery,3.0,3.0,4.0
6100105892a2248ae5d48498,discovery,4.0,2.0,3.0
6107b81f125c20be9e368b49,discovery,6.0,6.0,5.0
61166b2cec63d8ea49e36aac,discovery,4.0,6.0,5.0
61333ed3b980f519ee86c45c,discovery,2.0,2.0,4.0
61572b39d8a0be3869ccd5ae,discovery,4.0,6.0,5.0
616c83fb9916289f401fb837,discovery,4.0,5.0,5.0
6234905bd877b34677aaa521,discovery,3.0,2.0,3.0
62a76cb3209f192d4ac62bec,discovery,6.0,3.0,5.0
62ac24c9af89f1f28aea1d11,discovery,5.0,4.0,5.0
62c5ebe612c40c7e32390bf6,discovery,4.0,4.0,4.0
62e3f7b224ec70641fd86b7b,discovery,2.0,4.0,5.0
62fbd2e4a303a0c6ff0874b1,discovery,4.0,2.0,5.0
63469da3cef76cc5b3523b97,discovery,6.0,3.0,5.0
6346e117e4e283094ff51b84,discovery,0.0,1.0,4.0
638e2eed82fa613f2140ba13,discovery,5.0,,5.0
6394a8f1f510b07aeaf465e0,discovery,5.0,5.0,4.0
6399d599c9d83e0ed0317ea2,discovery,4.0,2.0,4.0
63e57ca5d6e126546cfc66bf,discovery,4.0,4.0,5.0
63f85b1c3124fd03faff2126,discovery,4.0,,4.0
640485331e13a7bfa4a43d46,discovery,4.0,3.0,4.0
6441204e8a1c0c51415ce0f8,discovery,4.0,2.0,4.0
6441795624090301ddeba81e,discovery,3.0,3.0,2.0
6447cf4c43802edcd6b846bc,discovery,4.0,4.0,5.0
64784f5998230a548cb9cc60,discovery,6.0,5.0,5.0
648028bc524faa07ef0547eb,discovery,4.0,2.0,4.0
6501b7fd7c5faeb580b81204,discovery,3.0,4.0,5.0
65030c046782881e902a5aaa,discovery,4.0,5.0,5.0
650ae1b2157df341fd193714,discovery,5.0,6.0,5.0
65456ebc819cdd5600552571,discovery,3.0,2.0,5.0
6559e8fcb4e07db3db4e2165,discovery,2.0,3.0,3.0
656f3c80f7ac5f41e230b9ee,discovery,5.0,6.0,5.0
6570824312e21ad0a49858f4,discovery,2.0,,2.0
657b2d22191dda04598ef38b,discovery,3.0,6.0,5.0
65ff48ba8866040c0d0649c5,discovery,2.0,2.0,2.0
66084cde8c8b94db6ce51ac9,discovery,2.0,0.0,4.0
660ed790b7c0b8649c41f432,discovery,4.0,4.0,5.0
6630f6bfbdc7906ef7c0ee24,discovery,2.0,2.0,4.0
66338f4346e84e4f0469bc21,discovery,0.0,5.0,4.0
663a28078139647b4663d09f,discovery,3.0,3.0,4.0
664b530d4cf8b88b68548a11,discovery,1.0,,1.0
6658b161dc9f95822cbcf443,discovery,6.0,,6.0
6658b52898569e477b21cf41,discovery,3.0,4.0,5.0
6658c369bc36ded0ffe472b8,discovery,2.0,4.0,4.0
6658c6e6298aedbc9b7ac19c,discovery,2.0,,2.0
6658d13e8f1ee667f426421c,discovery,6.0,5.0,5.0
6658d9826d4ec610f1b0cc33,discovery,4.0,2.0,5.0
6659b0c46a1675f2d40e2586,discovery,5.0,4.0,5.0
6659f89651bdadba584e647c,discovery,5.0,4.0,5.0
665bae8786e39a9d3071ef7c,discovery,4.0,3.0,4.0
665e0faa748512c88de27385,discovery,4.0,4.0,5.0
665fa30eccda55b454554d95,discovery,6.0,5.0,5.0
6671adcf4074ec7382ad560e,discovery,4.0,,4.0
6676e7538c7c4c68e18aa31a,discovery,6.0,4.0,5.0
66774233add67a4a8e71398e,discovery,2.0,5.0,5.0
6679886309dd90c237d80e5d,discovery,4.0,3.0,5.0
667ac4dcd237965bb30cb0d0,discovery,4.0,4.0,5.0
6682935831ecbb91041102e5,discovery,3.0,4.0,5.0
6683b0f95482b81b9714b57c,discovery,4.0,,5.0
66847cc7c67232fae11af5b3,discovery,4.0,2.0,4.0
668c39cf43ce2932522f9d37,discovery,6.0,4.0,5.0
668d371bd614f22c3433ea48,discovery,2.0,2.0,4.0
668fa82eb6aad7177cb29ba0,discovery,5.0,4.0,5.0
669038b13e852687aaf4a1cb,discovery,3.0,2.0,4.0
66912ce354d84162615be8ba,discovery,4.0,2.0,4.0
66924f3f720e8dcc562ef6fd,discovery,3.0,4.0,4.0
66958ca9d7179281d46faf5d,discovery,3.0,,4.0
6697864e364c6864275e4a17,discovery,5.0,3.0,5.0
669d7d04ec742963733a5b35,discovery,4.0,2.0,2.0
66a15c42533255e95d1d34a1,discovery,4.0,6.0,5.0
66a63fbb0a4f33f35327ed8b,discovery,5.0,2.0,4.0
66aa8dcfbc121dcef0433ecf,discovery,4.0,4.0,5.0
66b0829f976a969235a5ca75,discovery,3.0,,5.0
66ba62aba868595bbef88f10,discovery,2.0,6.0,4.0
66c5e698d9527f93c31cab42,discovery,6.0,4.0,4.0
66c746f450506abe4d80b5e1,discovery,4.0,2.0,4.0
66cf306107ad4fcf4bef6f2f,discovery,5.0,,5.0
66d05ce2ebc84bef33af3a06,discovery,2.0,4.0,5.0
66d9a01e46a5112c3146c2bd,discovery,4.0,4.0,5.0
66df649422e557253882cee8,discovery,4.0,6.0,5.0
66edea9d406f629b67ce30b8,discovery,2.0,1.0,2.0
66f1aeb024eaa71730ee0d8f,discovery,3.0,2.0,5.0
66fd3f6c93c24ecc119be354,discovery,4.0,3.0,4.0
670939463679b3968927066e,discovery,2.0,3.0,4.0
6709725953883fa2a8fe6957,discovery,5.0,5.0,5.0
670ffdb6896bad5ab5d6f894,discovery,6.0,5.0,5.0
6713edf459846149d7bcc948,discovery,4.0,3.0,4.0
6715013670bed7e4e955f109,discovery,1.0,1.0,2.0
67150a8c59846149d7bd00f2,discovery,2.0,2.0,4.0
671566748ec974a47ace455b,discovery,4.0,2.0,3.0
6718f7d06399295fc47821c0,discovery,2.0,2.0,4.0
671a5b8dfc53e73310491a62,discovery,2.0,2.0,4.0
67202234fd2f16cdb9c34721,discovery,5.0,5.0,4.0
67236d7fadd6365361bd7cc0,discovery,2.0,2.0,4.0
6727964977929019f6ff8a5d,discovery,2.0,,5.0
672b2e8321750551265ac390,discovery,5.0,3.0,5.0
672b8d3c37b9296c39c3f677,discovery,5.0,6.0,5.0
672c33aafed3be2f2a6ccfa0,discovery,5.0,4.0,5.0
672d027eb57569b5077e0cc4,discovery,6.0,4.0,5.0
672d2977ae54935ef84a2b74,discovery,3.0,5.0,5.0
672f38145bf80a772f4ac20a,discovery,6.0,4.0,5.0
67320610635afc65498583cb,discovery,6.0,4.0,4.0
6734acb87201d0735d63632c,discovery,2.0,4.0,4.0
6737d9fe76856492fd1603ef,discovery,4.0,6.0,5.0
6738a38d5b42ebdad45239a4,discovery,4.0,4.0,5.0
6738dae02c5a63be153fbe29,discovery,1.0,,4.0
673b5c1281eb82f767f4d71c,discovery,3.0,0.0,4.0
673bab950ce7fb673ff7eecc,discovery,4.0,4.0,4.0
673e1fe5947080d86c749aff,discovery,3.0,2.0,4.0
6740fd7385a9299cf29bdf96,discovery,5.0,6.0,5.0
6742f8bfd1cce3eadeee8c62,discovery,2.0,4.0,4.0
6744d50e3bd8711b57216cd2,discovery,6.0,5.0,5.0
67465c29233ddf0c2040ced8,discovery,6.0,5.0,5.0
6747536d88cb6d53b9bed191,discovery,4.0,4.0,4.0
6751467d0ef4bb17c804e4c0,discovery,2.0,4.0,4.0
675590f1eeef66188a85e1cd,discovery,2.0,4.0,4.0
67580f69a9a3cb759240904b,discovery,5.0,6.0,4.0
67591767ad41717a9710c4b8,discovery,4.0,4.0,4.0
6759718f66f6d338a0663100,discovery,3.0,4.0,4.0
675af02593fabc7398d6447e,discovery,4.0,,3.0
675e06422af6e9cb4bcbd459,discovery,3.0,3.0,3.0
675e8e92f5b7ffad57a265b1,discovery,2.0,1.0,2.0
67605cad2b91076c10846479,discovery,3.0,4.0,4.0
676060fef2955d6112c7e224,discovery,4.0,3.0,4.0
67609dc51817400f95f9db14,discovery,4.0,6.0,5.0
6760c6a23c7512b7ca3383d0,discovery,5.0,4.0,5.0
676288b65215f42b28a98b3f,discovery,4.0,3.0,4.0
67644c9e4a8508ec299135c5,discovery,6.0,5.0,5.0
67657ea1ad7558bf427f3a22,discovery,2.0,4.0,4.0
67687d94d5edc29f07de0176,discovery,3.0,,4.0
676d0d8ea1b34584f966c1f6,discovery,1.0,2.0,4.0
676d3ef7769d39d4537e67d4,discovery,5.0,2.0,5.0
676ee670250de1d8b3e57b03,discovery,1.0,,1.0
676fb072a0f80a990bd4cd32,discovery,4.0,3.0,4.0
67717e578f7fc3b6ff3c6ae8,discovery,6.0,6.0,5.0
677299ebbff623812504a11d,discovery,6.0,5.0,5.0
6772b66d08f724d93d1aab73,discovery,3.0,4.0,4.0
6772e1e5965ccca40d8cfba9,discovery,5.0,5.0,5.0
6773e8418b4496160ace9137,discovery,4.0,2.0,4.0
6775b6f1acaab15bb77f71af,discovery,2.0,4.0,5.0
677692c13cfeae70079e3caa,discovery,6.0,5.0,5.0
6777bc5eec85e7e2afa09d77,discovery,5.0,4.0,5.0
6777f8aafc72369e96bb6da6,discovery,3.0,2.0,4.0
6779cadff8dc4ddeecc54ce2,discovery,3.0,4.0,3.0
677a5d8e2115bfbb2fa0c73c,discovery,6.0,6.0,5.0
677be7f32b827fb2ae1eb7f0,discovery,3.0,2.0,4.0
677e74c8dd1dce11a8f96f88,discovery,2.0,5.0,5.0
678019571a2ac0496e597be5,discovery,4.0,0.0,4.0
6783379eb9fef4654886ead1,discovery,2.0,2.0,3.0
6788228f3fcc7c8b75b77522,discovery,2.0,5.0,5.0
67a688221058a62a9fa76a82,discovery,2.0,4.0,2.0
566feba6b937e400052d33b2,focus,6.0,3.0,5.0
56f699e876348f000c883bba,focus,3.0,,4.0
577a3dfd92c50c0001c9488f,focus,4.0,3.0,4.0
57b4a771cda70d0001534835,focus,4.0,2.0,3.0
57c357770e6a1f00015f6038,focus,3.0,6.0,4.0
57dd3b0e91b7fc0001493db9,focus,5.0,4.0,5.0
58d43fb77c08be0001c24830,focus,4.0,5.0,5.0
595d3afcdd044900012ce78a,focus,6.0,3.0,5.0
5962a5b29955ee00015bce98,focus,4.0,2.0,4.0
598f22af33481c000164d359,focus,6.0,4.0,4.0
599442e6bf8bcf0001ab6857,focus,3.0,2.0,5.0
5997043dbbe84800017964a7,focus,6.0,4.0,4.0
599ab130b5566b0001aa85bb,focus,4.0,4.0,4.0
599acb2f6c165e000113fc70,focus,3.0,6.0,5.0
59baa4f5178f1b00018289b2,focus,4.0,4.0,4.0
59d1f0fffaf42e00012b6c20,focus,4.0,6.0,5.0
59d3b07947f4e80001a6c551,focus,2.0,4.0,4.0
59dccd61e75b450001a689b7,focus,6.0,3.0,5.0
59e7232f24d7bf00012f112e,focus,3.0,1.0,2.0
59ef022eae9f950001d84a43,focus,6.0,3.0,5.0
5a57e4f7acc75b00017a2dcd,focus,2.0,4.0,4.0
5a75b131eea3d300016ddc70,focus,4.0,5.0,4.0
5a9c41f2dbdb470001eeef9c,focus,6.0,3.0,4.0
5a9c4b3d35237b000112a00e,focus,5.0,2.0,5.0
5aafd9eff69e940001d88bf4,focus,2.0,2.0,2.0
5b2bcfb51835660001cc6751,focus,4.0,6.0,4.0
5b2bd649ed66460001e86e39,focus,4.0,5.0,5.0
5b4a3ab1bc06c90001f902f4,focus,4.0,6.0,4.0
5bf53b3c87780800014ed5aa,focus,4.0,3.0,4.0
5c197c9c020cbb00011201fe,focus,4.0,5.0,5.0
5c37a0e7bef9a20001e3a497,focus,4.0,1.0,5.0
5c407a2c41b3f9000195e19f,focus,5.0,4.0,5.0
5c4602713d08e80001369876,focus,5.0,6.0,5.0
5c4a061161db8c00015e4fb0,focus,5.0,1.0,5.0
5c59e12429f64c0001cc6436,focus,2.0,2.0,3.0
5c5b66cb3312f1000112f694,focus,6.0,6.0,5.0
5c5d36bc034e280001644c3b,focus,5.0,4.0,3.0
5c5ff87f8c0552000109d7de,focus,2.0,3.0,4.0
5c72f9bf8711bf000139c5ee,focus,2.0,0.0,3.0
5cad1eef8ed53d00180d2532,focus,3.0,2.0,3.0
5cb87813635b940017c2037a,focus,6.0,2.0,5.0
5cc99062d918560016acf6ac,focus,4.0,4.0,4.0
5ce15b0ea7b516001828c646,focus,3.0,,4.0
5cedaba627d8ce00018469bb,focus,1.0,,1.0
5d02a158c8a372001abf3b30,focus,2.0,6.0,5.0
5d038adefda4bb00013f8afb,focus,4.0,5.0,5.0
5d0a5d36d41b4b00172c3cc9,focus,4.0,4.0,4.0
5d20c6d5b1e50a001c19e622,focus,3.0,6.0,3.0
5d3bfbebfd9694001a2d0f99,focus,2.0,2.0,4.0
5d6d729b679b200019c12498,focus,4.0,6.0,5.0
5db7203e98ecdf000ae8d504,focus,3.0,2.0,3.0
5dcfaad2dd9a740c2493fc28,focus,2.0,6.0,5.0
5e234e6d06121f5eceaba7f1,focus,6.0,0.0,4.0
5e4feb8037713502e9ed364b,focus,4.0,5.0,5.0
5e7d1c1e70dd753a081a29d9,focus,4.0,5.0,5.0
5e7e1679f8a96f4be83e51e4,focus,4.0,6.0,4.0
5e9086ca917d9039e3c4cd25,focus,6.0,4.0,5.0
5ecd61476e04500905a6eed2,focus,5.0,6.0,5.0
5f04dc9fb117c31680c1a4f5,focus,4.0,4.0,4.0
5f05ef4bd552bc0009e5566c,focus,4.0,2.0,4.0
5f0c86cbe4af1361b7158f3e,focus,2.0,2.0,5.0
5f11eb333c6e2c0df5b92270,focus,4.0,4.0,5.0
5f1beeacb55680420cfcae9e,focus,4.0,5.0,4.0
5f2f280854c3203084e218e5,focus,6.0,4.0,5.0
5f35222b79aaa5065c8919bd,focus,3.0,4.0,4.0
5f4fbebb8bb76c0c01881651,focus,2.0,3.0,4.0
5f514593ea1e87365b9cb05f,focus,4.0,2.0,3.0
5f653cb18aad310a9ee7c32d,focus,4.0,4.0,3.0
5f70576bb22a006197aea6de,focus,6.0,4.0,5.0
5fb8dc3c8e8e964121c6aa4c,focus,4.0,4.0,4.0
5fd4d10b2f970406fe63ad96,focus,4.0,6.0,5.0
5fef2fa9efea401f0b55a7c2,focus,0.0,4.0,4.0
6002ae1ea178912bfa128adf,focus,5.0,6.0,5.0
600c125c46cf802e41733705,focus,4.0,5.0,4.0
604a4755d62e5590404b5426,focus,4.0,4.0,4.0
604fa685e33606f9a0ee8189,focus,4.0,6.0,5.0
60537fdcda0ac05f1c59c57f,focus,2.0,3.0,4.0
605731872f40ec675cdf1f0b,focus,4.0,6.0,5.0
605a25c743f7ab91b0881ddf,focus,1.0,4.0,5.0
609510855d0c8e5bd0bdaf98,focus,4.0,4.0,5.0
609eda349f5d29975fbc2145,focus,2.0,4.0,5.0
60ae777b1f2abe681e903d0d,focus,4.0,4.0,4.0
60d3867b6e7529fc77032b54,focus,5.0,,6.0
60fae066c4ab91522a85f075,focus,3.0,3.0,4.0
6100105892a2248ae5d48498,focus,3.0,2.0,3.0
6107b81f125c20be9e368b49,focus,6.0,5.0,5.0
61166b2cec63d8ea49e36aac,focus,4.0,6.0,5.0
61333ed3b980f519ee86c45c,focus,3.0,4.0,4.0
61572b39d8a0be3869ccd5ae,focus,5.0,4.0,5.0
616c83fb9916289f401fb837,focus,5.0,5.0,5.0
6234905bd877b34677aaa521,focus,4.0,2.0,3.0
62a76cb3209f192d4ac62bec,focus,6.0,3.0,5.0
62ac24c9af89f1f28aea1d11,focus,5.0,4.0,5.0
62c5ebe612c40c7e32390bf6,focus,4.0,4.0,4.0
62e3f7b224ec70641fd86b7b,focus,6.0,4.0,5.0
62fbd2e4a303a0c6ff0874b1,focus,1.0,5.0,5.0
63469da3cef76cc5b3523b97,focus,4.0,3.0,5.0
6346e117e4e283094ff51b84,focus,2.0,1.0,4.0
638e2eed82fa613f2140ba13,focus,6.0,,5.0
6394a8f1f510b07aeaf465e0,focus,6.0,5.0,4.0
6399d599c9d83e0ed0317ea2,focus,3.0,4.0,4.0
63e57ca5d6e126546cfc66bf,focus,3.0,4.0,5.0
63f85b1c3124fd03faff2126,focus,4.0,,4.0
640485331e13a7bfa4a43d46,focus,4.0,4.0,4.0
6441204e8a1c0c51415ce0f8,focus,6.0,1.0,4.0
6441795624090301ddeba81e,focus,4.0,2.0,2.0
6447cf4c43802edcd6b846bc,focus,6.0,4.0,5.0
64784f5998230a548cb9cc60,focus,4.0,5.0,5.0
648028bc524faa07ef0547eb,focus,4.0,2.0,4.0
6501b7fd7c5faeb580b81204,focus,4.0,4.0,5.0
65030c046782881e902a5aaa,focus,5.0,6.0,5.0
650ae1b2157df341fd193714,focus,6.0,4.0,5.0
65456ebc819cdd5600552571,focus,2.0,4.0,5.0
6559e8fcb4e07db3db4e2165,focus,3.0,2.0,3.0
656f3c80f7ac5f41e230b9ee,focus,5.0,6.0,5.0
6570824312e21ad0a49858f4,focus,1.0,,2.0
657b2d22191dda04598ef38b,focus,4.0,6.0,5.0
65ff48ba8866040c0d0649c5,focus,1.0,2.0,2.0
66084cde8c8b94db6ce51ac9,focus,2.0,1.0,4.0
660ed790b7c0b8649c41f432,focus,4.0,5.0,5.0
6630f6bfbdc7906ef7c0ee24,focus,2.0,1.0,4.0
66338f4346e84e4f0469bc21,focus,2.0,5.0,4.0
663a28078139647b4663d09f,focus,4.0,4.0,4.0
664b530d4cf8b88b68548a11,focus,4.0,,5.0
6658b161dc9f95822cbcf443,focus,6.0,,5.0
6658b52898569e477b21cf41,focus,4.0,4.0,5.0
6658c369bc36ded0ffe472b8,focus,3.0,4.0,4.0
6658c6e6298aedbc9b7ac19c,focus,1.0,,1.0
6658d13e8f1ee667f426421c,focus,6.0,5.0,5.0
6658d9826d4ec610f1b0cc33,focus,6.0,2.0,5.0
6659b0c46a1675f2d40e2586,focus,5.0,4.0,5.0
6659f89651bdadba584e647c,focus,5.0,2.0,5.0
665bae8786e39a9d3071ef7c,focus,4.0,3.0,4.0
665e0faa748512c88de27385,focus,4.0,4.0,5.0
665fa30eccda55b454554d95,focus,6.0,6.0,5.0
6671adcf4074ec7382ad560e,focus,3.0,,4.0
6676e7538c7c4c68e18aa31a,focus,5.0,6.0,5.0
66774233add67a4a8e71398e,focus,3.0,6.0,5.0
6679886309dd90c237d80e5d,focus,4.0,4.0,5.0
667ac4dcd237965bb30cb0d0,focus,3.0,2.0,5.0
6682935831ecbb91041102e5,focus,4.0,4.0,5.0
6683b0f95482b81b9714b57c,focus,4.0,,5.0
66847cc7c67232fae11af5b3,focus,5.0,2.0,4.0
668c39cf43ce2932522f9d37,focus,6.0,4.0,5.0
668d371bd614f22c3433ea48,focus,2.0,4.0,4.0
668fa82eb6aad7177cb29ba0,focus,6.0,4.0,5.0
669038b13e852687aaf4a1cb,focus,2.0,2.0,4.0
66912ce354d84162615be8ba,focus,3.0,4.0,4.0
66924f3f720e8dcc562ef6fd,focus,5.0,4.0,4.0
66958ca9d7179281d46faf5d,focus,2.0,,2.0
6697864e364c6864275e4a17,focus,5.0,4.0,5.0
669d7d04ec742963733a5b35,focus,5.0,4.0,2.0
66a15c42533255e95d1d34a1,focus,4.0,6.0,5.0
66a63fbb0a4f33f35327ed8b,focus,5.0,2.0,4.0
66aa8dcfbc121dcef0433ecf,focus,4.0,4.0,5.0
66b0829f976a969235a5ca75,focus,5.0,,5.0
66ba62aba868595bbef88f10,focus,4.0,6.0,4.0
66c5e698d9527f93c31cab42,focus,6.0,4.0,4.0
66c746f450506abe4d80b5e1,focus,4.0,2.0,4.0
66cf306107ad4fcf4bef6f2f,focus,5.0,,5.0
66d05ce2ebc84bef33af3a06,focus,4.0,4.0,5.0
66d9a01e46a5112c3146c2bd,focus,5.0,4.0,5.0
66df649422e557253882cee8,focus,5.0,6.0,5.0
66edea9d406f629b67ce30b8,focus,1.0,1.0,2.0
66f1aeb024eaa71730ee0d8f,focus,4.0,3.0,5.0
66fd3f6c93c24ecc119be354,focus,5.0,4.0,4.0
670939463679b3968927066e,focus,2.0,4.0,4.0
6709725953883fa2a8fe6957,focus,5.0,5.0,5.0
670ffdb6896bad5ab5d6f894,focus,6.0,4.0,5.0
6713edf459846149d7bcc948,focus,4.0,1.0,4.0
6715013670bed7e4e955f109,focus,1.0,2.0,2.0
67150a8c59846149d7bd00f2,focus,4.0,2.0,4.0
671566748ec974a47ace455b,focus,5.0,2.0,3.0
6718f7d06399295fc47821c0,focus,2.0,2.0,4.0
671a5b8dfc53e73310491a62,focus,4.0,2.0,4.0
67202234fd2f16cdb9c34721,focus,3.0,3.0,4.0
67236d7fadd6365361bd7cc0,focus,4.0,4.0,4.0
6727964977929019f6ff8a5d,focus,2.0,,5.0
672b2e8321750551265ac390,focus,4.0,3.0,5.0
672b8d3c37b9296c39c3f677,focus,5.0,6.0,5.0
672c33aafed3be2f2a6ccfa0,focus,5.0,4.0,5.0
672d027eb57569b5077e0cc4,focus,6.0,4.0,5.0
672d2977ae54935ef84a2b74,focus,2.0,5.0,5.0
672f38145bf80a772f4ac20a,focus,6.0,4.0,5.0
67320610635afc65498583cb,focus,6.0,6.0,4.0
6734acb87201d0735d63632c,focus,4.0,4.0,4.0
6737d9fe76856492fd1603ef,focus,5.0,5.0,5.0
6738a38d5b42ebdad45239a4,focus,5.0,5.0,5.0
6738dae02c5a63be153fbe29,focus,3.0,,4.0
673b5c1281eb82f767f4d71c,focus,3.0,5.0,4.0
673bab950ce7fb673ff7eecc,focus,3.0,3.0,4.0
673e1fe5947080d86c749aff,focus,4.0,4.0,4.0
6740fd7385a9299cf29bdf96,focus,5.0,6.0,5.0
6742f8bfd1cce3eadeee8c62,focus,2.0,4.0,4.0
6744d50e3bd8711b57216cd2,focus,5.0,5.0,5.0
67465c29233ddf0c2040ced8,focus,6.0,6.0,5.0
6747536d88cb6d53b9bed191,focus,4.0,3.0,4.0
6751467d0ef4bb17c804e4c0,focus,5.0,6.0,4.0
675590f1eeef66188a85e1cd,focus,0.0,6.0,4.0
67580f69a9a3cb759240904b,focus,6.0,4.0,4.0
67591767ad41717a9710c4b8,focus,3.0,4.0,4.0
6759718f66f6d338a0663100,focus,2.0,4.0,4.0
675af02593fabc7398d6447e,focus,1.0,,3.0
675e06422af6e9cb4bcbd459,focus,4.0,5.0,3.0
675e8e92f5b7ffad57a265b1,focus,4.0,1.0,2.0
67605cad2b91076c10846479,focus,5.0,4.0,4.0
676060fef2955d6112c7e224,focus,5.0,2.0,4.0
67609dc51817400f95f9db14,focus,5.0,6.0,5.0
6760c6a23c7512b7ca3383d0,focus,5.0,3.0,5.0
676288b65215f42b28a98b3f,focus,4.0,6.0,4.0
67644c9e4a8508ec299135c5,focus,6.0,6.0,5.0
67657ea1ad7558bf427f3a22,focus,4.0,4.0,4.0
67687d94d5edc29f07de0176,focus,3.0,,4.0
676d0d8ea1b34584f966c1f6,focus,4.0,2.0,4.0
676d3ef7769d39d4537e67d4,focus,5.0,4.0,5.0
676ee670250de1d8b3e57b03,focus,2.0,,2.0
676fb072a0f80a990bd4cd32,focus,4.0,4.0,4.0
67717e578f7fc3b6ff3c6ae8,focus,5.0,5.0,5.0
677299ebbff623812504a11d,focus,6.0,6.0,5.0
6772b66d08f724d93d1aab73,focus,5.0,4.0,4.0
6772e1e5965ccca40d8cfba9,focus,5.0,5.0,5.0
6773e8418b4496160ace9137,focus,4.0,4.0,4.0
6775b6f1acaab15bb77f71af,focus,4.0,4.0,5.0
677692c13cfeae70079e3caa,focus,6.0,6.0,5.0
6777bc5eec85e7e2afa09d77,focus,5.0,4.0,5.0
6777f8aafc72369e96bb6da6,focus,3.0,2.0,4.0
6779cadff8dc4ddeecc54ce2,focus,2.0,3.0,3.0
677a5d8e2115bfbb2fa0c73c,focus,6.0,6.0,5.0
677be7f32b827fb2ae1eb7f0,focus,2.0,2.0,4.0
677e74c8dd1dce11a8f96f88,focus,2.0,6.0,5.0
678019571a2ac0496e597be5,focus,4.0,1.0,4.0
6783379eb9fef4654886ead1,focus,3.0,1.0,3.0
6788228f3fcc7c8b75b77522,focus,3.0,6.0,5.0
67a688221058a62a9fa76a82,focus,0.0,0.0,2.0
566feba6b937e400052d33b2,strategy,4.0,3.0,5.0
56f699e876348f000c883bba,strategy,2.0,,4.0
577a3dfd92c50c0001c9488f,strategy,5.0,3.0,3.0
57b4a771cda70d0001534835,strategy,4.0,2.0,3.0
57c357770e6a1f00015f6038,strategy,3.0,6.0,4.0
57dd3b0e91b7fc0001493db9,strategy,6.0,4.0,5.0
58d43fb77c08be0001c24830,strategy,4.0,6.0,5.0
595d3afcdd044900012ce78a,strategy,2.0,2.0,5.0
5962a5b29955ee00015bce98,strategy,2.0,3.0,4.0
598f22af33481c000164d359,strategy,6.0,4.0,4.0
599442e6bf8bcf0001ab6857,strategy,4.0,2.0,5.0
5997043dbbe84800017964a7,strategy,4.0,3.0,4.0
599ab130b5566b0001aa85bb,strategy,4.0,4.0,4.0
599acb2f6c165e000113fc70,strategy,3.0,4.0,5.0
59baa4f5178f1b00018289b2,strategy,4.0,4.0,4.0
59d1f0fffaf42e00012b6c20,strategy,4.0,6.0,5.0
59d3b07947f4e80001a6c551,strategy,2.0,2.0,4.0
59dccd61e75b450001a689b7,strategy,6.0,4.0,5.0
59e7232f24d7bf00012f112e,strategy,3.0,1.0,2.0
59ef022eae9f950001d84a43,strategy,6.0,2.0,5.0
5a57e4f7acc75b00017a2dcd,strategy,1.0,2.0,4.0
5a75b131eea3d300016ddc70,strategy,4.0,4.0,4.0
5a9c41f2dbdb470001eeef9c,strategy,5.0,0.0,4.0
5a9c4b3d35237b000112a00e,strategy,5.0,2.0,5.0
5aafd9eff69e940001d88bf4,strategy,1.0,2.0,2.0
5b2bcfb51835660001cc6751,strategy,5.0,5.0,4.0
5b2bd649ed66460001e86e39,strategy,6.0,5.0,5.0
5b4a3ab1bc06c90001f902f4,strategy,4.0,6.0,4.0
5bf53b3c87780800014ed5aa,strategy,0.0,3.0,4.0
5c197c9c020cbb00011201fe,strategy,4.0,6.0,5.0
5c37a0e7bef9a20001e3a497,strategy,4.0,1.0,5.0
5c407a2c41b3f9000195e19f,strategy,6.0,4.0,5.0
5c4602713d08e80001369876,strategy,4.0,6.0,5.0
5c4a061161db8c00015e4fb0,strategy,6.0,0.0,5.0
5c59e12429f64c0001cc6436,strategy,2.0,1.0,3.0
5c5b66cb3312f1000112f694,strategy,6.0,6.0,5.0
5c5d36bc034e280001644c3b,strategy,5.0,3.0,3.0
5c5ff87f8c0552000109d7de,strategy,3.0,4.0,4.0
5c72f9bf8711bf000139c5ee,strategy,2.0,4.0,3.0
5cad1eef8ed53d00180d2532,strategy,5.0,2.0,3.0
5cb87813635b940017c2037a,strategy,5.0,0.0,5.0
5cc99062d918560016acf6ac,strategy,3.0,2.0,4.0
5ce15b0ea7b516001828c646,strategy,4.0,,4.0
5cedaba627d8ce00018469bb,strategy,1.0,,2.0
5d02a158c8a372001abf3b30,strategy,4.0,5.0,5.0
5d038adefda4bb00013f8afb,strategy,2.0,6.0,5.0
5d0a5d36d41b4b00172c3cc9,strategy,4.0,4.0,4.0
5d20c6d5b1e50a001c19e622,strategy,2.0,2.0,3.0
5d3bfbebfd9694001a2d0f99,strategy,0.0,2.0,4.0
5d6d729b679b200019c12498,strategy,3.0,6.0,5.0
5db7203e98ecdf000ae8d504,strategy,4.0,1.0,3.0
5dcfaad2dd9a740c2493fc28,strategy,2.0,4.0,5.0
5e234e6d06121f5eceaba7f1,strategy,6.0,0.0,4.0
5e4feb8037713502e9ed364b,strategy,4.0,6.0,5.0
5e7d1c1e70dd753a081a29d9,strategy,4.0,6.0,5.0
5e7e1679f8a96f4be83e51e4,strategy,2.0,6.0,4.0
5e9086ca917d9039e3c4cd25,strategy,6.0,6.0,5.0
5ecd61476e04500905a6eed2,strategy,6.0,6.0,5.0
5f04dc9fb117c31680c1a4f5,strategy,4.0,4.0,4.0
5f05ef4bd552bc0009e5566c,strategy,4.0,4.0,4.0
5f0c86cbe4af1361b7158f3e,strategy,2.0,0.0,5.0
5f11eb333c6e2c0df5b92270,strategy,4.0,4.0,5.0
5f1beeacb55680420cfcae9e,strategy,4.0,6.0,4.0
5f2f280854c3203084e218e5,strategy,6.0,4.0,5.0
5f35222b79aaa5065c8919bd,strategy,4.0,3.0,4.0
5f4fbebb8bb76c0c01881651,strategy,4.0,3.0,4.0
5f514593ea1e87365b9cb05f,strategy,3.0,3.0,3.0
5f653cb18aad310a9ee7c32d,strategy,4.0,4.0,3.0
5f70576bb22a006197aea6de,strategy,6.0,4.0,5.0
5fb8dc3c8e8e964121c6aa4c,strategy,5.0,4.0,4.0
5fd4d10b2f970406fe63ad96,strategy,3.0,4.0,5.0
5fef2fa9efea401f0b55a7c2,strategy,0.0,1.0,4.0
6002ae1ea178912bfa128adf,strategy,5.0,4.0,5.0
600c125c46cf802e41733705,strategy,0.0,6.0,4.0
604a4755d62e5590404b5426,strategy,4.0,5.0,4.0
604fa685e33606f9a0ee8189,strategy,5.0,6.0,5.0
60537fdcda0ac05f1c59c57f,strategy,2.0,3.0,4.0
605731872f40ec675cdf1f0b,strategy,5.0,5.0,5.0
605a25c743f7ab91b0881ddf,strategy,3.0,4.0,5.0
609510855d0c8e5bd0bdaf98,strategy,2.0,4.0,5.0
609eda349f5d29975fbc2145,strategy,2.0,3.0,5.0
60ae777b1f2abe681e903d0d,strategy,4.0,4.0,4.0
60d3867b6e7529fc77032b54,strategy,5.0,,5.0
60fae066c4ab91522a85f075,strategy,3.0,3.0,4.0
6100105892a2248ae5d48498,strategy,3.0,0.0,3.0
6107b81f125c20be9e368b49,strategy,6.0,6.0,5.0
61166b2cec63d8ea49e36aac,strategy,5.0,4.0,5.0
61333ed3b980f519ee86c45c,strategy,4.0,2.0,4.0
61572b39d8a0be3869ccd5ae,strategy,4.0,4.0,5.0
616c83fb9916289f401fb837,strategy,5.0,4.0,5.0
6234905bd877b34677aaa521,strategy,4.0,0.0,3.0
62a76cb3209f192d4ac62bec,strategy,6.0,2.0,5.0
62ac24c9af89f1f28aea1d11,strategy,6.0,4.0,5.0
62c5ebe612c40c7e32390bf6,strategy,3.0,4.0,4.0
62e3f7b224ec70641fd86b7b,strategy,6.0,4.0,5.0
62fbd2e4a303a0c6ff0874b1,strategy,4.0,4.0,5.0
63469da3cef76cc5b3523b97,strategy,0.0,2.0,5.0
6346e117e4e283094ff51b84,strategy,2.0,4.0,4.0
638e2eed82fa613f2140ba13,strategy,1.0,,5.0
6394a8f1f510b07aeaf465e0,strategy,4.0,4.0,4.0
6399d599c9d83e0ed0317ea2,strategy,4.0,5.0,4.0
63e57ca5d6e126546cfc66bf,strategy,3.0,3.0,5.0
63f85b1c3124fd03faff2126,strategy,6.0,,4.0
640485331e13a7bfa4a43d46,strategy,6.0,3.0,4.0
6441204e8a1c0c51415ce0f8,strategy,4.0,1.0,4.0
6441795624090301ddeba81e,strategy,4.0,2.0,2.0
6447cf4c43802edcd6b846bc,strategy,6.0,4.0,5.0
64784f5998230a548cb9cc60,strategy,2.0,5.0,5.0
648028bc524faa07ef0547eb,strategy,3.0,2.0,4.0
6501b7fd7c5faeb580b81204,strategy,4.0,2.0,5.0
65030c046782881e902a5aaa,strategy,5.0,6.0,5.0
650ae1b2157df341fd193714,strategy,6.0,6.0,5.0
65456ebc819cdd5600552571,strategy,2.0,4.0,5.0
6559e8fcb4e07db3db4e2165,strategy,2.0,2.0,3.0
656f3c80f7ac5f41e230b9ee,strategy,4.0,4.0,5.0
6570824312e21ad0a49858f4,strategy,1.0,,2.0
657b2d22191dda04598ef38b,strategy,4.0,6.0,5.0
65ff48ba8866040c0d0649c5,strategy,4.0,0.0,2.0
66084cde8c8b94db6ce51ac9,strategy,2.0,3.0,4.0
660ed790b7c0b8649c41f432,strategy,5.0,4.0,5.0
6630f6bfbdc7906ef7c0ee24,strategy,4.0,6.0,4.0
66338f4346e84e4f0469bc21,strategy,3.0,5.0,4.0
663a28078139647b4663d09f,strategy,2.0,4.0,4.0
664b530d4cf8b88b68548a11,strategy,2.0,,3.0
6658b161dc9f95822cbcf443,strategy,6.0,,6.0
6658b52898569e477b21cf41,strategy,4.0,4.0,5.0
6658c369bc36ded0ffe472b8,strategy,2.0,4.0,4.0
6658c6e6298aedbc9b7ac19c,strategy,0.0,,-1.0
6658d13e8f1ee667f426421c,strategy,6.0,5.0,5.0
6658d9826d4ec610f1b0cc33,strategy,6.0,2.0,5.0
6659b0c46a1675f2d40e2586,strategy,5.0,3.0,5.0
6659f89651bdadba584e647c,strategy,6.0,4.0,5.0
665bae8786e39a9d3071ef7c,strategy,5.0,3.0,4.0
665e0faa748512c88de27385,strategy,2.0,2.0,5.0
665fa30eccda55b454554d95,strategy,6.0,5.0,5.0
6671adcf4074ec7382ad560e,strategy,2.0,,4.0
6676e7538c7c4c68e18aa31a,strategy,6.0,6.0,5.0
66774233add67a4a8e71398e,strategy,3.0,5.0,5.0
6679886309dd90c237d80e5d,strategy,5.0,4.0,5.0
667ac4dcd237965bb30cb0d0,strategy,4.0,2.0,5.0
6682935831ecbb91041102e5,strategy,4.0,4.0,5.0
6683b0f95482b81b9714b57c,strategy,4.0,,5.0
66847cc7c67232fae11af5b3,strategy,4.0,2.0,4.0
668c39cf43ce2932522f9d37,strategy,6.0,4.0,5.0
668d371bd614f22c3433ea48,strategy,4.0,4.0,4.0
668fa82eb6aad7177cb29ba0,strategy,6.0,4.0,5.0
669038b13e852687aaf4a1cb,strategy,4.0,2.0,4.0
66912ce354d84162615be8ba,strategy,3.0,2.0,4.0
66924f3f720e8dcc562ef6fd,strategy,5.0,2.0,4.0
66958ca9d7179281d46faf5d,strategy,2.0,,1.0
6697864e364c6864275e4a17,strategy,5.0,3.0,5.0
669d7d04ec742963733a5b35,strategy,4.0,4.0,2.0
66a15c42533255e95d1d34a1,strategy,4.0,6.0,5.0
66a63fbb0a4f33f35327ed8b,strategy,5.0,4.0,4.0
66aa8dcfbc121dcef0433ecf,strategy,4.0,4.0,5.0
66b0829f976a969235a5ca75,strategy,4.0,,5.0
66ba62aba868595bbef88f10,strategy,4.0,6.0,4.0
66c5e698d9527f93c31cab42,strategy,6.0,4.0,4.0
66c746f450506abe4d80b5e1,strategy,5.0,2.0,4.0
66cf306107ad4fcf4bef6f2f,strategy,2.0,,5.0
66d05ce2ebc84bef33af3a06,strategy,2.0,4.0,5.0
66d9a01e46a5112c3146c2bd,strategy,4.0,4.0,5.0
66df649422e557253882cee8,strategy,4.0,6.0,5.0
66edea9d406f629b67ce30b8,strategy,1.0,1.0,2.0
66f1aeb024eaa71730ee0d8f,strategy,4.0,3.0,5.0
66fd3f6c93c24ecc119be354,strategy,3.0,3.0,4.0
670939463679b3968927066e,strategy,2.0,4.0,4.0
6709725953883fa2a8fe6957,strategy,5.0,5.0,5.0
670ffdb6896bad5ab5d6f894,strategy,4.0,4.0,5.0
6713edf459846149d7bcc948,strategy,6.0,3.0,4.0
6715013670bed7e4e955f109,strategy,0.0,1.0,2.0
67150a8c59846149d7bd00f2,strategy,4.0,2.0,4.0
671566748ec974a47ace455b,strategy,5.0,2.0,3.0
6718f7d06399295fc47821c0,strategy,3.0,2.0,4.0
671a5b8dfc53e73310491a62,strategy,2.0,2.0,4.0
67202234fd2f16cdb9c34721,strategy,3.0,3.0,4.0
67236d7fadd6365361bd7cc0,strategy,2.0,4.0,4.0
6727964977929019f6ff8a5d,strategy,3.0,,5.0
672b2e8321750551265ac390,strategy,5.0,4.0,5.0
672b8d3c37b9296c39c3f677,strategy,5.0,6.0,5.0
672c33aafed3be2f2a6ccfa0,strategy,5.0,3.0,5.0
672d027eb57569b5077e0cc4,strategy,6.0,4.0,5.0
672d2977ae54935ef84a2b74,strategy,0.0,5.0,5.0
672f38145bf80a772f4ac20a,strategy,6.0,5.0,5.0
67320610635afc65498583cb,strategy,6.0,6.0,4.0
6734acb87201d0735d63632c,strategy,4.0,4.0,4.0
6737d9fe76856492fd1603ef,strategy,6.0,5.0,5.0
6738a38d5b42ebdad45239a4,strategy,4.0,6.0,5.0
6738dae02c5a63be153fbe29,strategy,3.0,,4.0
673b5c1281eb82f767f4d71c,strategy,4.0,3.0,4.0
673bab950ce7fb673ff7eecc,strategy,4.0,4.0,4.0
673e1fe5947080d86c749aff,strategy,2.0,1.0,4.0
6740fd7385a9299cf29bdf96,strategy,4.0,5.0,5.0
6742f8bfd1cce3eadeee8c62,strategy,2.0,4.0,4.0
6744d50e3bd8711b57216cd2,strategy,6.0,5.0,5.0
67465c29233ddf0c2040ced8,strategy,6.0,6.0,5.0
6747536d88cb6d53b9bed191,strategy,5.0,4.0,4.0
6751467d0ef4bb17c804e4c0,strategy,5.0,6.0,4.0
675590f1eeef66188a85e1cd,strategy,2.0,0.0,4.0
67580f69a9a3cb759240904b,strategy,5.0,4.0,4.0
67591767ad41717a9710c4b8,strategy,4.0,4.0,4.0
6759718f66f6d338a0663100,strategy,2.0,4.0,4.0
675af02593fabc7398d6447e,strategy,2.0,,3.0
675e06422af6e9cb4bcbd459,strategy,6.0,4.0,3.0
675e8e92f5b7ffad57a265b1,strategy,1.0,0.0,2.0
67605cad2b91076c10846479,strategy,5.0,4.0,4.0
676060fef2955d6112c7e224,strategy,5.0,2.0,4.0
67609dc51817400f95f9db14,strategy,4.0,6.0,5.0
6760c6a23c7512b7ca3383d0,strategy,5.0,4.0,5.0
676288b65215f42b28a98b3f,strategy,3.0,5.0,4.0
67644c9e4a8508ec299135c5,strategy,6.0,5.0,5.0
67657ea1ad7558bf427f3a22,strategy,2.0,4.0,4.0
67687d94d5edc29f07de0176,strategy,5.0,,4.0
676d0d8ea1b34584f966c1f6,strategy,1.0,3.0,4.0
676d3ef7769d39d4537e67d4,strategy,6.0,4.0,5.0
676ee670250de1d8b3e57b03,strategy,1.0,,1.0
676fb072a0f80a990bd4cd32,strategy,2.0,1.0,4.0
67717e578f7fc3b6ff3c6ae8,strategy,5.0,6.0,5.0
677299ebbff623812504a11d,strategy,6.0,6.0,5.0
6772b66d08f724d93d1aab73,strategy,4.0,4.0,4.0
6772e1e5965ccca40d8cfba9,strategy,5.0,5.0,5.0
6773e8418b4496160ace9137,strategy,3.0,4.0,4.0
6775b6f1acaab15bb77f71af,strategy,4.0,4.0,5.0
677692c13cfeae70079e3caa,strategy,6.0,5.0,5.0
6777bc5eec85e7e2afa09d77,strategy,5.0,2.0,5.0
6777f8aafc72369e96bb6da6,strategy,4.0,2.0,4.0
6779cadff8dc4ddeecc54ce2,strategy,2.0,4.0,3.0
677a5d8e2115bfbb2fa0c73c,strategy,6.0,2.0,5.0
677be7f32b827fb2ae1eb7f0,strategy,2.0,0.0,3.0
677e74c8dd1dce11a8f96f88,strategy,2.0,5.0,5.0
678019571a2ac0496e597be5,strategy,2.0,2.0,4.0
6783379eb9fef4654886ead1,strategy,3.0,2.0,3.0
6788228f3fcc7c8b75b77522,strategy,6.0,6.0,5.0
67a688221058a62a9fa76a82,strategy,1.0,0.0,2.0
566feba6b937e400052d33b2,technique,6.0,3.0,5.0
56f699e876348f000c883bba,technique,2.0,,4.0
577a3dfd92c50c0001c9488f,technique,6.0,4.0,3.0
57b4a771cda70d0001534835,technique,3.0,2.0,3.0
57c357770e6a1f00015f6038,technique,3.0,6.0,4.0
57dd3b0e91b7fc0001493db9,technique,6.0,6.0,5.0
58d43fb77c08be0001c24830,technique,4.0,5.0,5.0
595d3afcdd044900012ce78a,technique,2.0,2.0,5.0
5962a5b29955ee00015bce98,technique,3.0,3.0,4.0
598f22af33481c000164d359,technique,5.0,4.0,4.0
599442e6bf8bcf0001ab6857,technique,4.0,2.0,5.0
5997043dbbe84800017964a7,technique,4.0,3.0,4.0
599ab130b5566b0001aa85bb,technique,2.0,4.0,4.0
599acb2f6c165e000113fc70,technique,4.0,6.0,5.0
59baa4f5178f1b00018289b2,technique,3.0,4.0,4.0
59d1f0fffaf42e00012b6c20,technique,3.0,6.0,5.0
59d3b07947f4e80001a6c551,technique,2.0,2.0,4.0
59dccd61e75b450001a689b7,technique,4.0,4.0,5.0
59e7232f24d7bf00012f112e,technique,3.0,2.0,2.0
59ef022eae9f950001d84a43,technique,6.0,2.0,5.0
5a57e4f7acc75b00017a2dcd,technique,0.0,2.0,4.0
5a75b131eea3d300016ddc70,technique,4.0,3.0,4.0
5a9c41f2dbdb470001eeef9c,technique,5.0,1.0,4.0
5a9c4b3d35237b000112a00e,technique,3.0,3.0,5.0
5aafd9eff69e940001d88bf4,technique,1.0,4.0,2.0
5b2bcfb51835660001cc6751,technique,2.0,5.0,4.0
5b2bd649ed66460001e86e39,technique,5.0,5.0,5.0
5b4a3ab1bc06c90001f902f4,technique,2.0,6.0,4.0
5bf53b3c87780800014ed5aa,technique,2.0,4.0,4.0
5c197c9c020cbb00011201fe,technique,2.0,5.0,5.0
5c37a0e7bef9a20001e3a497,technique,4.0,0.0,5.0
5c407a2c41b3f9000195e19f,technique,5.0,4.0,5.0
5c4602713d08e80001369876,technique,2.0,6.0,5.0
5c4a061161db8c00015e4fb0,technique,5.0,0.0,5.0
5c59e12429f64c0001cc6436,technique,2.0,0.0,3.0
5c5b66cb3312f1000112f694,technique,5.0,5.0,5.0
5c5d36bc034e280001644c3b,technique,2.0,4.0,3.0
5c5ff87f8c0552000109d7de,technique,0.0,4.0,4.0
5c72f9bf8711bf000139c5ee,technique,2.0,2.0,3.0
5cad1eef8ed53d00180d2532,technique,4.0,2.0,3.0
5cb87813635b940017c2037a,technique,5.0,0.0,5.0
5cc99062d918560016acf6ac,technique,4.0,2.0,4.0
5ce15b0ea7b516001828c646,technique,4.0,,4.0
5cedaba627d8ce00018469bb,technique,1.0,,0.0
5d02a158c8a372001abf3b30,technique,1.0,5.0,5.0
5d038adefda4bb00013f8afb,technique,2.0,6.0,5.0
5d0a5d36d41b4b00172c3cc9,technique,5.0,2.0,4.0
5d20c6d5b1e50a001c19e622,technique,2.0,3.0,3.0
5d3bfbebfd9694001a2d0f99,technique,0.0,2.0,4.0
5d6d729b679b200019c12498,technique,3.0,6.0,5.0
5db7203e98ecdf000ae8d504,technique,2.0,2.0,3.0
5dcfaad2dd9a740c2493fc28,technique,2.0,5.0,5.0
5e234e6d06121f5eceaba7f1,technique,6.0,0.0,4.0
5e4feb8037713502e9ed364b,technique,3.0,6.0,5.0
5e7d1c1e70dd753a081a29d9,technique,4.0,6.0,5.0
5e7e1679f8a96f4be83e51e4,technique,2.0,6.0,4.0
5e9086ca917d9039e3c4cd25,technique,6.0,6.0,5.0
5ecd61476e04500905a6eed2,technique,3.0,6.0,5.0
5f04dc9fb117c31680c1a4f5,technique,2.0,4.0,4.0
5f05ef4bd552bc0009e5566c,technique,3.0,3.0,4.0
5f0c86cbe4af1361b7158f3e,technique,2.0,0.0,5.0
5f11eb333c6e2c0df5b92270,technique,3.0,3.0,5.0
5f1beeacb55680420cfcae9e,technique,2.0,2.0,4.0
5f2f280854c3203084e218e5,technique,6.0,4.0,5.0
5f35222b79aaa5065c8919bd,technique,4.0,3.0,4.0
5f4fbebb8bb76c0c01881651,technique,2.0,2.0,4.0
5f514593ea1e87365b9cb05f,technique,4.0,2.0,3.0
5f653cb18aad310a9ee7c32d,technique,4.0,2.0,3.0
5f70576bb22a006197aea6de,technique,6.0,5.0,5.0
5fb8dc3c8e8e964121c6aa4c,technique,4.0,4.0,4.0
5fd4d10b2f970406fe63ad96,technique,4.0,5.0,5.0
5fef2fa9efea401f0b55a7c2,technique,0.0,1.0,4.0
6002ae1ea178912bfa128adf,technique,6.0,4.0,5.0
600c125c46cf802e41733705,technique,0.0,5.0,4.0
604a4755d62e5590404b5426,technique,4.0,5.0,4.0
604fa685e33606f9a0ee8189,technique,5.0,6.0,5.0
60537fdcda0ac05f1c59c57f,technique,2.0,3.0,4.0
605731872f40ec675cdf1f0b,technique,2.0,5.0,5.0
605a25c743f7ab91b0881ddf,technique,3.0,4.0,5.0
609510855d0c8e5bd0bdaf98,technique,3.0,4.0,5.0
609eda349f5d29975fbc2145,technique,2.0,3.0,5.0
60ae777b1f2abe681e903d0d,technique,4.0,5.0,4.0
60d3867b6e7529fc77032b54,technique,5.0,,5.0
60fae066c4ab91522a85f075,technique,4.0,3.0,4.0
6100105892a2248ae5d48498,technique,3.0,0.0,3.0
6107b81f125c20be9e368b49,technique,6.0,5.0,5.0
61166b2cec63d8ea49e36aac,technique,4.0,5.0,5.0
61333ed3b980f519ee86c45c,technique,2.0,2.0,4.0
61572b39d8a0be3869ccd5ae,technique,5.0,3.0,5.0
616c83fb9916289f401fb837,technique,6.0,5.0,5.0
6234905bd877b34677aaa521,technique,4.0,0.0,3.0
62a76cb3209f192d4ac62bec,technique,6.0,2.0,5.0
62ac24c9af89f1f28aea1d11,technique,6.0,4.0,5.0
62c5ebe612c40c7e32390bf6,technique,2.0,4.0,4.0
62e3f7b224ec70641fd86b7b,technique,6.0,4.0,5.0
62fbd2e4a303a0c6ff0874b1,technique,2.0,2.0,5.0
63469da3cef76cc5b3523b97,technique,0.0,2.0,5.0
6346e117e4e283094ff51b84,technique,2.0,2.0,4.0
638e2eed82fa613f2140ba13,technique,6.0,,5.0
6394a8f1f510b07aeaf465e0,technique,5.0,4.0,4.0
6399d599c9d83e0ed0317ea2,technique,4.0,3.0,4.0
63e57ca5d6e126546cfc66bf,technique,3.0,3.0,5.0
63f85b1c3124fd03faff2126,technique,4.0,,4.0
640485331e13a7bfa4a43d46,technique,4.0,2.0,4.0
6441204e8a1c0c51415ce0f8,technique,4.0,1.0,4.0
6441795624090301ddeba81e,technique,5.0,3.0,2.0
6447cf4c43802edcd6b846bc,technique,6.0,4.0,5.0
64784f5998230a548cb9cc60,technique,4.0,4.0,5.0
648028bc524faa07ef0547eb,technique,3.0,2.0,4.0
6501b7fd7c5faeb580b81204,technique,4.0,2.0,5.0
65030c046782881e902a5aaa,technique,4.0,4.0,5.0
650ae1b2157df341fd193714,technique,6.0,4.0,5.0
65456ebc819cdd5600552571,technique,2.0,4.0,5.0
6559e8fcb4e07db3db4e2165,technique,2.0,2.0,3.0
656f3c80f7ac5f41e230b9ee,technique,4.0,6.0,5.0
6570824312e21ad0a49858f4,technique,0.0,,2.0
657b2d22191dda04598ef38b,technique,3.0,6.0,5.0
65ff48ba8866040c0d0649c5,technique,3.0,0.0,2.0
66084cde8c8b94db6ce51ac9,technique,2.0,2.0,4.0
660ed790b7c0b8649c41f432,technique,4.0,4.0,5.0
6630f6bfbdc7906ef7c0ee24,technique,2.0,2.0,4.0
66338f4346e84e4f0469bc21,technique,0.0,5.0,4.0
663a28078139647b4663d09f,technique,3.0,4.0,4.0
664b530d4cf8b88b68548a11,technique,1.0,,2.0
6658b161dc9f95822cbcf443,technique,6.0,,6.0
6658b52898569e477b21cf41,technique,5.0,3.0,5.0
6658c369bc36ded0ffe472b8,technique,2.0,4.0,4.0
6658c6e6298aedbc9b7ac19c,technique,0.0,,0.0
6658d13e8f1ee667f426421c,technique,6.0,4.0,5.0
6658d9826d4ec610f1b0cc33,technique,5.0,2.0,5.0
6659b0c46a1675f2d40e2586,technique,4.0,3.0,5.0
6659f89651bdadba584e647c,technique,4.0,4.0,5.0
665bae8786e39a9d3071ef7c,technique,5.0,3.0,4.0
665e0faa748512c88de27385,technique,4.0,4.0,5.0
665fa30eccda55b454554d95,technique,6.0,6.0,5.0
6671adcf4074ec7382ad560e,technique,2.0,,4.0
6676e7538c7c4c68e18aa31a,technique,6.0,6.0,5.0
66774233add67a4a8e71398e,technique,4.0,5.0,5.0
6679886309dd90c237d80e5d,technique,5.0,4.0,5.0
667ac4dcd237965bb30cb0d0,technique,2.0,2.0,5.0
6682935831ecbb91041102e5,technique,4.0,4.0,5.0
6683b0f95482b81b9714b57c,technique,4.0,,5.0
66847cc7c67232fae11af5b3,technique,4.0,2.0,4.0
668c39cf43ce2932522f9d37,technique,6.0,3.0,5.0
668d371bd614f22c3433ea48,technique,4.0,4.0,4.0
668fa82eb6aad7177cb29ba0,technique,6.0,5.0,5.0
669038b13e852687aaf4a1cb,technique,4.0,2.0,4.0
66912ce354d84162615be8ba,technique,3.0,2.0,4.0
66924f3f720e8dcc562ef6fd,technique,4.0,3.0,4.0
66958ca9d7179281d46faf5d,technique,1.0,,0.0
6697864e364c6864275e4a17,technique,6.0,2.0,5.0
669d7d04ec742963733a5b35,technique,5.0,4.0,2.0
66a15c42533255e95d1d34a1,technique,4.0,5.0,5.0
66a63fbb0a4f33f35327ed8b,technique,2.0,2.0,4.0
66aa8dcfbc121dcef0433ecf,technique,6.0,4.0,5.0
66b0829f976a969235a5ca75,technique,5.0,,5.0
66ba62aba868595bbef88f10,technique,4.0,6.0,4.0
66c5e698d9527f93c31cab42,technique,6.0,4.0,4.0
66c746f450506abe4d80b5e1,technique,4.0,2.0,4.0
66cf306107ad4fcf4bef6f2f,technique,2.0,,5.0
66d05ce2ebc84bef33af3a06,technique,2.0,4.0,5.0
66d9a01e46a5112c3146c2bd,technique,5.0,6.0,5.0
66df649422e557253882cee8,technique,4.0,6.0,5.0
66edea9d406f629b67ce30b8,technique,2.0,1.0,2.0
66f1aeb024eaa71730ee0d8f,technique,4.0,3.0,5.0
66fd3f6c93c24ecc119be354,technique,3.0,6.0,4.0
670939463679b3968927066e,technique,2.0,4.0,4.0
6709725953883fa2a8fe6957,technique,4.0,5.0,5.0
670ffdb6896bad5ab5d6f894,technique,6.0,4.0,5.0
6713edf459846149d7bcc948,technique,5.0,2.0,4.0
6715013670bed7e4e955f109,technique,0.0,1.0,2.0
67150a8c59846149d7bd00f2,technique,4.0,2.0,4.0
671566748ec974a47ace455b,technique,5.0,2.0,3.0
6718f7d06399295fc47821c0,technique,2.0,2.0,4.0
671a5b8dfc53e73310491a62,technique,3.0,2.0,4.0
67202234fd2f16cdb9c34721,technique,3.0,4.0,4.0
67236d7fadd6365361bd7cc0,technique,2.0,3.0,4.0
6727964977929019f6ff8a5d,technique,2.0,,5.0
672b2e8321750551265ac390,technique,6.0,4.0,5.0
672b8d3c37b9296c39c3f677,technique,5.0,6.0,5.0
672c33aafed3be2f2a6ccfa0,technique,4.0,4.0,5.0
672d027eb57569b5077e0cc4,technique,6.0,3.0,5.0
672d2977ae54935ef84a2b74,technique,0.0,4.0,5.0
672f38145bf80a772f4ac20a,technique,6.0,4.0,5.0
67320610635afc65498583cb,technique,6.0,6.0,4.0
6734acb87201d0735d63632c,technique,2.0,4.0,4.0
6737d9fe76856492fd1603ef,technique,5.0,5.0,5.0
6738a38d5b42ebdad45239a4,technique,5.0,5.0,5.0
6738dae02c5a63be153fbe29,technique,3.0,,4.0
673b5c1281eb82f767f4d71c,technique,4.0,2.0,4.0
673bab950ce7fb673ff7eecc,technique,3.0,4.0,4.0
673e1fe5947080d86c749aff,technique,2.0,1.0,4.0
6740fd7385a9299cf29bdf96,technique,0.0,5.0,5.0
6742f8bfd1cce3eadeee8c62,technique,4.0,4.0,4.0
6744d50e3bd8711b57216cd2,technique,6.0,5.0,5.0
67465c29233ddf0c2040ced8,technique,6.0,6.0,5.0
6747536d88cb6d53b9bed191,technique,5.0,4.0,4.0
6751467d0ef4bb17c804e4c0,technique,2.0,6.0,4.0
675590f1eeef66188a85e1cd,technique,3.0,0.0,4.0
67580f69a9a3cb759240904b,technique,5.0,6.0,4.0
67591767ad41717a9710c4b8,technique,3.0,3.0,4.0
6759718f66f6d338a0663100,technique,2.0,3.0,4.0
675af02593fabc7398d6447e,technique,1.0,,3.0
675e06422af6e9cb4bcbd459,technique,4.0,4.0,3.0
675e8e92f5b7ffad57a265b1,technique,1.0,0.0,2.0
67605cad2b91076c10846479,technique,4.0,4.0,4.0
676060fef2955d6112c7e224,technique,6.0,2.0,4.0
67609dc51817400f95f9db14,technique,5.0,6.0,5.0
6760c6a23c7512b7ca3383d0,technique,5.0,4.0,5.0
676288b65215f42b28a98b3f,technique,1.0,6.0,4.0
67644c9e4a8508ec299135c5,technique,6.0,5.0,5.0
67657ea1ad7558bf427f3a22,technique,2.0,4.0,4.0
67687d94d5edc29f07de0176,technique,5.0,,4.0
676d0d8ea1b34584f966c1f6,technique,3.0,2.0,4.0
676d3ef7769d39d4537e67d4,technique,6.0,4.0,5.0
676ee670250de1d8b3e57b03,technique,0.0,,1.0
676fb072a0f80a990bd4cd32,technique,2.0,1.0,4.0
67717e578f7fc3b6ff3c6ae8,technique,4.0,5.0,5.0
677299ebbff623812504a11d,technique,6.0,6.0,5.0
6772b66d08f724d93d1aab73,technique,4.0,4.0,4.0
6772e1e5965ccca40d8cfba9,technique,4.0,5.0,5.0
6773e8418b4496160ace9137,technique,4.0,3.0,4.0
6775b6f1acaab15bb77f71af,technique,4.0,6.0,5.0
677692c13cfeae70079e3caa,technique,6.0,5.0,5.0
6777bc5eec85e7e2afa09d77,technique,5.0,2.0,5.0
6777f8aafc72369e96bb6da6,technique,2.0,2.0,4.0
6779cadff8dc4ddeecc54ce2,technique,3.0,3.0,3.0
677a5d8e2115bfbb2fa0c73c,technique,6.0,6.0,5.0
677be7f32b827fb2ae1eb7f0,technique,2.0,0.0,3.0
677e74c8dd1dce11a8f96f88,technique,2.0,6.0,5.0
678019571a2ac0496e597be5,technique,2.0,2.0,4.0
6783379eb9fef4654886ead1,technique,3.0,2.0,3.0
6788228f3fcc7c8b75b77522,technique,4.0,5.0,5.0
67a688221058a62a9fa76a82,technique,2.0,0.0,2.0
566feba6b937e400052d33b2,homework,4.0,3.0,5.0
56f699e876348f000c883bba,homework,0.0,,4.0
577a3dfd92c50c0001c9488f,homework,0.0,2.0,2.0
57b4a771cda70d0001534835,homework,0.0,2.0,2.0
57c357770e6a1f00015f6038,homework,5.0,6.0,4.0
57dd3b0e91b7fc0001493db9,homework,4.0,4.0,5.0
58d43fb77c08be0001c24830,homework,2.0,5.0,5.0
595d3afcdd044900012ce78a,homework,2.0,6.0,5.0
5962a5b29955ee00015bce98,homework,1.0,0.0,0.0
598f22af33481c000164d359,homework,4.0,4.0,4.0
599442e6bf8bcf0001ab6857,homework,3.0,2.0,5.0
5997043dbbe84800017964a7,homework,4.0,4.0,4.0
599ab130b5566b0001aa85bb,homework,3.0,4.0,4.0
599acb2f6c165e000113fc70,homework,4.0,6.0,5.0
59baa4f5178f1b00018289b2,homework,2.0,4.0,4.0
59d1f0fffaf42e00012b6c20,homework,3.0,5.0,5.0
59d3b07947f4e80001a6c551,homework,4.0,3.0,4.0
59dccd61e75b450001a689b7,homework,2.0,4.0,5.0
59e7232f24d7bf00012f112e,homework,2.0,2.0,2.0
59ef022eae9f950001d84a43,homework,6.0,2.0,5.0
5a57e4f7acc75b00017a2dcd,homework,0.0,2.0,4.0
5a75b131eea3d300016ddc70,homework,4.0,4.0,4.0
5a9c41f2dbdb470001eeef9c,homework,5.0,1.0,4.0
5a9c4b3d35237b000112a00e,homework,4.0,5.0,5.0
5aafd9eff69e940001d88bf4,homework,1.0,0.0,0.0
5b2bcfb51835660001cc6751,homework,3.0,4.0,5.0
5b2bd649ed66460001e86e39,homework,4.0,3.0,5.0
5b4a3ab1bc06c90001f902f4,homework,3.0,5.0,4.0
5bf53b3c87780800014ed5aa,homework,2.0,1.0,4.0
5c197c9c020cbb00011201fe,homework,3.0,4.0,5.0
5c37a0e7bef9a20001e3a497,homework,4.0,0.0,5.0
5c407a2c41b3f9000195e19f,homework,5.0,4.0,5.0
5c4602713d08e80001369876,homework,4.0,5.0,5.0
5c4a061161db8c00015e4fb0,homework,6.0,0.0,5.0
5c59e12429f64c0001cc6436,homework,0.0,0.0,2.0
5c5b66cb3312f1000112f694,homework,5.0,5.0,5.0
5c5d36bc034e280001644c3b,homework,0.0,4.0,3.0
5c5ff87f8c0552000109d7de,homework,0.0,0.0,4.0
5c72f9bf8711bf000139c5ee,homework,0.0,2.0,3.0
5cad1eef8ed53d00180d2532,homework,0.0,2.0,2.0
5cb87813635b940017c2037a,homework,5.0,0.0,5.0
5cc99062d918560016acf6ac,homework,2.0,2.0,3.0
5ce15b0ea7b516001828c646,homework,0.0,,4.0
5cedaba627d8ce00018469bb,homework,2.0,,3.0
5d02a158c8a372001abf3b30,homework,3.0,5.0,5.0
5d038adefda4bb00013f8afb,homework,2.0,6.0,5.0
5d0a5d36d41b4b00172c3cc9,homework,4.0,2.0,4.0
5d20c6d5b1e50a001c19e622,homework,2.0,4.0,3.0
5d3bfbebfd9694001a2d0f99,homework,0.0,2.0,4.0
5d6d729b679b200019c12498,homework,4.0,6.0,5.0
5db7203e98ecdf000ae8d504,homework,4.0,2.0,3.0
5dcfaad2dd9a740c2493fc28,homework,0.0,3.0,5.0
5e234e6d06121f5eceaba7f1,homework,4.0,0.0,4.0
5e4feb8037713502e9ed364b,homework,3.0,5.0,5.0
5e7d1c1e70dd753a081a29d9,homework,3.0,6.0,5.0
5e7e1679f8a96f4be83e51e4,homework,3.0,6.0,4.0
5e9086ca917d9039e3c4cd25,homework,6.0,6.0,5.0
5ecd61476e04500905a6eed2,homework,4.0,4.0,5.0
5f04dc9fb117c31680c1a4f5,homework,3.0,2.0,4.0
5f05ef4bd552bc0009e5566c,homework,4.0,4.0,4.0
5f0c86cbe4af1361b7158f3e,homework,4.0,0.0,5.0
5f11eb333c6e2c0df5b92270,homework,4.0,4.0,5.0
5f1beeacb55680420cfcae9e,homework,2.0,1.0,4.0
5f2f280854c3203084e218e5,homework,6.0,3.0,5.0
5f35222b79aaa5065c8919bd,homework,2.0,3.0,3.0
5f4fbebb8bb76c0c01881651,homework,4.0,2.0,4.0
5f514593ea1e87365b9cb05f,homework,2.0,1.0,3.0
5f653cb18aad310a9ee7c32d,homework,3.0,0.0,3.0
5f70576bb22a006197aea6de,homework,6.0,4.0,5.0
5fb8dc3c8e8e964121c6aa4c,homework,0.0,0.0,4.0
5fd4d10b2f970406fe63ad96,homework,4.0,4.0,5.0
5fef2fa9efea401f0b55a7c2,homework,0.0,3.0,4.0
6002ae1ea178912bfa128adf,homework,5.0,5.0,5.0
600c125c46cf802e41733705,homework,2.0,1.0,4.0
604a4755d62e5590404b5426,homework,1.0,2.0,4.0
604fa685e33606f9a0ee8189,homework,5.0,6.0,5.0
60537fdcda0ac05f1c59c57f,homework,2.0,2.0,5.0
605731872f40ec675cdf1f0b,homework,4.0,5.0,5.0
605a25c743f7ab91b0881ddf,homework,2.0,3.0,5.0
609510855d0c8e5bd0bdaf98,homework,4.0,4.0,5.0
609eda349f5d29975fbc2145,homework,2.0,2.0,5.0
60ae777b1f2abe681e903d0d,homework,3.0,3.0,4.0
60d3867b6e7529fc77032b54,homework,4.0,,4.0
60fae066c4ab91522a85f075,homework,3.0,2.0,4.0
6100105892a2248ae5d48498,homework,3.0,2.0,4.0
6107b81f125c20be9e368b49,homework,6.0,5.0,5.0
61166b2cec63d8ea49e36aac,homework,4.0,4.0,5.0
61333ed3b980f519ee86c45c,homework,2.0,2.0,4.0
61572b39d8a0be3869ccd5ae,homework,4.0,4.0,5.0
616c83fb9916289f401fb837,homework,5.0,4.0,5.0
6234905bd877b34677aaa521,homework,3.0,0.0,2.0
62a76cb3209f192d4ac62bec,homework,5.0,1.0,5.0
62ac24c9af89f1f28aea1d11,homework,4.0,4.0,5.0
62c5ebe612c40c7e32390bf6,homework,3.0,2.0,4.0
62e3f7b224ec70641fd86b7b,homework,5.0,2.0,5.0
62fbd2e4a303a0c6ff0874b1,homework,4.0,3.0,4.0
63469da3cef76cc5b3523b97,homework,0.0,2.0,5.0
6346e117e4e283094ff51b84,homework,2.0,0.0,3.0
638e2eed82fa613f2140ba13,homework,5.0,,5.0
6394a8f1f510b07aeaf465e0,homework,5.0,4.0,4.0
6399d599c9d83e0ed0317ea2,homework,4.0,2.0,4.0
63e57ca5d6e126546cfc66bf,homework,3.0,4.0,5.0
63f85b1c3124fd03faff2126,homework,3.0,,4.0
640485331e13a7bfa4a43d46,homework,6.0,1.0,4.0
6441204e8a1c0c51415ce0f8,homework,4.0,0.0,4.0
6441795624090301ddeba81e,homework,3.0,1.0,2.0
6447cf4c43802edcd6b846bc,homework,6.0,4.0,5.0
64784f5998230a548cb9cc60,homework,6.0,5.0,5.0
648028bc524faa07ef0547eb,homework,3.0,2.0,4.0
6501b7fd7c5faeb580b81204,homework,4.0,4.0,5.0
65030c046782881e902a5aaa,homework,5.0,3.0,5.0
650ae1b2157df341fd193714,homework,6.0,4.0,5.0
65456ebc819cdd5600552571,homework,2.0,4.0,5.0
6559e8fcb4e07db3db4e2165,homework,2.0,3.0,3.0
656f3c80f7ac5f41e230b9ee,homework,4.0,6.0,5.0
6570824312e21ad0a49858f4,homework,0.0,,2.0
657b2d22191dda04598ef38b,homework,3.0,6.0,5.0
65ff48ba8866040c0d0649c5,homework,2.0,0.0,2.0
66084cde8c8b94db6ce51ac9,homework,2.0,0.0,4.0
660ed790b7c0b8649c41f432,homework,3.0,3.0,5.0
6630f6bfbdc7906ef7c0ee24,homework,2.0,0.0,4.0
66338f4346e84e4f0469bc21,homework,0.0,3.0,4.0
663a28078139647b4663d09f,homework,2.0,3.0,4.0
664b530d4cf8b88b68548a11,homework,0.0,,0.0
6658b161dc9f95822cbcf443,homework,6.0,,6.0
6658b52898569e477b21cf41,homework,3.0,4.0,5.0
6658c369bc36ded0ffe472b8,homework,2.0,2.0,4.0
6658c6e6298aedbc9b7ac19c,homework,1.0,,1.0
6658d13e8f1ee667f426421c,homework,6.0,3.0,5.0
6658d9826d4ec610f1b0cc33,homework,6.0,4.0,5.0
6659b0c46a1675f2d40e2586,homework,5.0,4.0,5.0
6659f89651bdadba584e647c,homework,5.0,4.0,5.0
665bae8786e39a9d3071ef7c,homework,5.0,4.0,4.0
665e0faa748512c88de27385,homework,3.0,4.0,5.0
665fa30eccda55b454554d95,homework,6.0,4.0,5.0
6671adcf4074ec7382ad560e,homework,2.0,,4.0
6676e7538c7c4c68e18aa31a,homework,5.0,5.0,5.0
66774233add67a4a8e71398e,homework,3.0,5.0,5.0
6679886309dd90c237d80e5d,homework,4.0,1.0,5.0
667ac4dcd237965bb30cb0d0,homework,2.0,3.0,5.0
6682935831ecbb91041102e5,homework,3.0,0.0,5.0
6683b0f95482b81b9714b57c,homework,5.0,,5.0
66847cc7c67232fae11af5b3,homework,3.0,4.0,4.0
668c39cf43ce2932522f9d37,homework,6.0,3.0,5.0
668d371bd614f22c3433ea48,homework,2.0,2.0,4.0
668fa82eb6aad7177cb29ba0,homework,5.0,4.0,5.0
669038b13e852687aaf4a1cb,homework,5.0,3.0,4.0
66912ce354d84162615be8ba,homework,3.0,4.0,4.0
66924f3f720e8dcc562ef6fd,homework,4.0,4.0,4.0
66958ca9d7179281d46faf5d,homework,1.0,,1.0
6697864e364c6864275e4a17,homework,5.0,1.0,5.0
669d7d04ec742963733a5b35,homework,4.0,4.0,2.0
66a15c42533255e95d1d34a1,homework,3.0,6.0,5.0
66a63fbb0a4f33f35327ed8b,homework,5.0,3.0,4.0
66aa8dcfbc121dcef0433ecf,homework,6.0,6.0,5.0
66b0829f976a969235a5ca75,homework,4.0,,5.0
66ba62aba868595bbef88f10,homework,3.0,5.0,4.0
66c5e698d9527f93c31cab42,homework,5.0,2.0,4.0
66c746f450506abe4d80b5e1,homework,3.0,2.0,4.0
66cf306107ad4fcf4bef6f2f,homework,2.0,,5.0
66d05ce2ebc84bef33af3a06,homework,2.0,1.0,5.0
66d9a01e46a5112c3146c2bd,homework,4.0,4.0,5.0
66df649422e557253882cee8,homework,5.0,4.0,5.0
66edea9d406f629b67ce30b8,homework,1.0,2.0,2.0
66f1aeb024eaa71730ee0d8f,homework,3.0,3.0,5.0
66fd3f6c93c24ecc119be354,homework,3.0,3.0,3.0
670939463679b3968927066e,homework,2.0,3.0,4.0
6709725953883fa2a8fe6957,homework,5.0,4.0,5.0
670ffdb6896bad5ab5d6f894,homework,6.0,6.0,5.0
6713edf459846149d7bcc948,homework,2.0,0.0,4.0
6715013670bed7e4e955f109,homework,0.0,0.0,2.0
67150a8c59846149d7bd00f2,homework,3.0,2.0,4.0
671566748ec974a47ace455b,homework,3.0,1.0,3.0
6718f7d06399295fc47821c0,homework,3.0,2.0,4.0
671a5b8dfc53e73310491a62,homework,2.0,2.0,4.0
67202234fd2f16cdb9c34721,homework,3.0,3.0,4.0
67236d7fadd6365361bd7cc0,homework,4.0,4.0,4.0
6727964977929019f6ff8a5d,homework,2.0,,5.0
672b2e8321750551265ac390,homework,5.0,2.0,5.0
672b8d3c37b9296c39c3f677,homework,4.0,3.0,5.0
672c33aafed3be2f2a6ccfa0,homework,6.0,5.0,5.0
672d027eb57569b5077e0cc4,homework,6.0,2.0,5.0
672d2977ae54935ef84a2b74,homework,0.0,4.0,5.0
672f38145bf80a772f4ac20a,homework,5.0,4.0,5.0
67320610635afc65498583cb,homework,6.0,4.0,3.0
6734acb87201d0735d63632c,homework,1.0,1.0,4.0
6737d9fe76856492fd1603ef,homework,6.0,5.0,5.0
6738a38d5b42ebdad45239a4,homework,3.0,2.0,5.0
6738dae02c5a63be153fbe29,homework,3.0,,4.0
673b5c1281eb82f767f4d71c,homework,4.0,4.0,4.0
673bab950ce7fb673ff7eecc,homework,3.0,4.0,4.0
673e1fe5947080d86c749aff,homework,3.0,1.0,4.0
6740fd7385a9299cf29bdf96,homework,0.0,5.0,5.0
6742f8bfd1cce3eadeee8c62,homework,2.0,1.0,3.0
6744d50e3bd8711b57216cd2,homework,4.0,3.0,5.0
67465c29233ddf0c2040ced8,homework,5.0,6.0,5.0
6747536d88cb6d53b9bed191,homework,3.0,0.0,4.0
6751467d0ef4bb17c804e4c0,homework,1.0,4.0,4.0
675590f1eeef66188a85e1cd,homework,3.0,0.0,4.0
67580f69a9a3cb759240904b,homework,6.0,4.0,4.0
67591767ad41717a9710c4b8,homework,1.0,4.0,4.0
6759718f66f6d338a0663100,homework,1.0,3.0,4.0
675af02593fabc7398d6447e,homework,0.0,,3.0
675e06422af6e9cb4bcbd459,homework,2.0,4.0,3.0
675e8e92f5b7ffad57a265b1,homework,1.0,0.0,2.0
67605cad2b91076c10846479,homework,3.0,3.0,4.0
676060fef2955d6112c7e224,homework,6.0,2.0,4.0
67609dc51817400f95f9db14,homework,6.0,6.0,5.0
6760c6a23c7512b7ca3383d0,homework,0.0,4.0,5.0
676288b65215f42b28a98b3f,homework,3.0,2.0,4.0
67644c9e4a8508ec299135c5,homework,2.0,5.0,5.0
67657ea1ad7558bf427f3a22,homework,2.0,4.0,4.0
67687d94d5edc29f07de0176,homework,5.0,,4.0
676d0d8ea1b34584f966c1f6,homework,2.0,2.0,4.0
676d3ef7769d39d4537e67d4,homework,6.0,6.0,5.0
676ee670250de1d8b3e57b03,homework,2.0,,2.0
676fb072a0f80a990bd4cd32,homework,3.0,2.0,4.0
67717e578f7fc3b6ff3c6ae8,homework,5.0,6.0,5.0
677299ebbff623812504a11d,homework,6.0,5.0,5.0
6772b66d08f724d93d1aab73,homework,4.0,2.0,4.0
6772e1e5965ccca40d8cfba9,homework,5.0,4.0,5.0
6773e8418b4496160ace9137,homework,2.0,2.0,4.0
6775b6f1acaab15bb77f71af,homework,4.0,6.0,5.0
677692c13cfeae70079e3caa,homework,6.0,6.0,5.0
6777bc5eec85e7e2afa09d77,homework,5.0,0.0,5.0
6777f8aafc72369e96bb6da6,homework,1.0,1.0,3.0
6779cadff8dc4ddeecc54ce2,homework,1.0,2.0,3.0
677a5d8e2115bfbb2fa0c73c,homework,6.0,6.0,5.0
677be7f32b827fb2ae1eb7f0,homework,2.0,0.0,3.0
677e74c8dd1dce11a8f96f88,homework,3.0,5.0,5.0
678019571a2ac0496e597be5,homework,3.0,1.0,4.0
6783379eb9fef4654886ead1,homework,2.0,0.0,3.0
6788228f3fcc7c8b75b77522,homework,0.0,2.0,5.0
67a688221058a62a9fa76a82,homework,1.0,0.0,2.0
